stop_id,nil
990,FORZE ARMATE
949,FORZE ARMATE
920,FORZE ARMATE
993,BANDE NERE
957,BANDE NERE
963,DE ANGELI - MONTE ROSA
891,PAGANO
930,PAGANO
968,MAGENTA - S.VITTORE
985,MAGENTA - S.VITTORE
981,BRERA
967,BRERA
960,DUOMO
909,DUOMO
929,GUASTALLA
918,BUENOS AIRES - PORTA VENEZIA - PORTA MONFORTE
943,BUENOS AIRES - PORTA VENEZIA - PORTA MONFORTE
941,LORETO - CASORETTO - NOLO
928,LORETO - CASORETTO - NOLO
912,LORETO - CASORETTO - NOLO
898,PADOVA - TURRO - CRESCENZAGO
951,GORLA - PRECOTTO
921,GORLA - PRECOTTO
893,GORLA - PRECOTTO
934,Q.RE GALLARATESE - Q.RE SAN LEONARDO - LAMPUGNANO
901,Q.RE GALLARATESE - Q.RE SAN LEONARDO - LAMPUGNANO
989,Q.RE GALLARATESE - Q.RE SAN LEONARDO - LAMPUGNANO
896,Q.RE GALLARATESE - Q.RE SAN LEONARDO - LAMPUGNANO
945,Q.RE GALLARATESE - Q.RE SAN LEONARDO - LAMPUGNANO
917,QT 8
939,DE ANGELI - MONTE ROSA
996,DE ANGELI - MONTE ROSA
987,DE ANGELI - MONTE ROSA
999,STADERA - CHIESA ROSSA - Q.RE TORRETTA - CONCA FALLATA
958,MONCUCCO - SAN CRISTOFORO
913,PORTA TICINESE - CONCHETTA
919,PORTA GENOVA
911,MAGENTA - S.VITTORE
910,MAGENTA - S.VITTORE
984,DUOMO
944,BRERA
931,BRERA
956,PORTA GARIBALDI - PORTA NUOVA
953,PORTA GARIBALDI - PORTA NUOVA
975,STAZIONE CENTRALE - PONTE SEVESO
982,STAZIONE CENTRALE - PONTE SEVESO
940,BUENOS AIRES - PORTA VENEZIA - PORTA MONFORTE
926,CITTA' STUDI
946,CITTA' STUDI
897,CIMIANO - ROTTOLE - Q.RE FELTRE
973,PADOVA - TURRO - CRESCENZAGO
965,PADOVA - TURRO - CRESCENZAGO
978,CIMIANO - ROTTOLE - Q.RE FELTRE
969,BRUZZANO
997,BOVISASCA
998,AFFORI
962,DERGANO
937,DERGANO
890,ISOLA
900,MACIACHINI - MAGGIOLINA
916,STAZIONE CENTRALE - PONTE SEVESO
899,BRERA
933,BRERA
959,DUOMO
935,DUOMO
964,GUASTALLA
924,PTA ROMANA
942,UMBRIA - MOLISE - CALVAIRATE
988,LODI - CORVETTO
966,LODI - CORVETTO
922,LODI - CORVETTO
914,LODI - CORVETTO
908,TRIULZO SUPERIORE
991,NIGUARDA - CA GRANDA - PRATO CENTENARO - Q.RE FULVIO TESTI
925,NIGUARDA - CA GRANDA - PRATO CENTENARO - Q.RE FULVIO TESTI
992,NIGUARDA - CA GRANDA - PRATO CENTENARO - Q.RE FULVIO TESTI
983,NIGUARDA - CA GRANDA - PRATO CENTENARO - Q.RE FULVIO TESTI
947,MACIACHINI - MAGGIOLINA
936,MACIACHINI - MAGGIOLINA
948,ISOLA
932,SARPI
976,GHISOLFA
955,SARPI
961,PORTELLO
889,TRE TORRI
923,PORTELLO
938,DE ANGELI - MONTE ROSA
905,STADIO - IPPODROMI
907,SAN SIRO
906,STADIO - IPPODROMI
14909,ROSERIO
10471,QUARTO OGGIARO - VIALBA - MUSOCCO
10473,QUARTO OGGIARO - VIALBA - MUSOCCO
17171,QUARTO OGGIARO - VIALBA - MUSOCCO
10481,QUARTO OGGIARO - VIALBA - MUSOCCO
10725,QUARTO OGGIARO - VIALBA - MUSOCCO
10703,VILLAPIZZONE - CAGNOLA - BOLDINASCO
10701,VILLAPIZZONE - CAGNOLA - BOLDINASCO
10708,VILLAPIZZONE - CAGNOLA - BOLDINASCO
10682,VILLAPIZZONE - CAGNOLA - BOLDINASCO
10686,VILLAPIZZONE - CAGNOLA - BOLDINASCO
10689,VILLAPIZZONE - CAGNOLA - BOLDINASCO
10694,VILLAPIZZONE - CAGNOLA - BOLDINASCO
10978,GHISOLFA
10945,SARPI
10953,PORTELLO
10960,SARPI
11281,PAGANO
11283,PAGANO
11287,PAGANO
11262,SARPI
11258,PAGANO
11252,PAGANO
11256,MAGENTA - S.VITTORE
11263,MAGENTA - S.VITTORE
11270,MAGENTA - S.VITTORE
11522,DUOMO
11536,BRERA
11546,BRERA
11497,BRERA
11509,BRERA
11557,BRERA
11560,BRERA
11830,BRERA
11840,BRERA
11838,BRERA
11876,STAZIONE CENTRALE - PONTE SEVESO
11882,STAZIONE CENTRALE - PONTE SEVESO
11886,STAZIONE CENTRALE - PONTE SEVESO
11892,STAZIONE CENTRALE - PONTE SEVESO
12172,STAZIONE CENTRALE - PONTE SEVESO
12175,STAZIONE CENTRALE - PONTE SEVESO
12183,STAZIONE CENTRALE - PONTE SEVESO
12242,LORETO - CASORETTO - NOLO
12245,LORETO - CASORETTO - NOLO
12247,LORETO - CASORETTO - NOLO
12253,LORETO - CASORETTO - NOLO
12254,LORETO - CASORETTO - NOLO
12249,LORETO - CASORETTO - NOLO
12248,LORETO - CASORETTO - NOLO
12246,LORETO - CASORETTO - NOLO
12243,LORETO - CASORETTO - NOLO
12182,STAZIONE CENTRALE - PONTE SEVESO
12180,STAZIONE CENTRALE - PONTE SEVESO
12174,STAZIONE CENTRALE - PONTE SEVESO
11891,STAZIONE CENTRALE - PONTE SEVESO
11888,STAZIONE CENTRALE - PONTE SEVESO
11849,STAZIONE CENTRALE - PONTE SEVESO
11871,STAZIONE CENTRALE - PONTE SEVESO
11837,BRERA
11835,BRERA
11829,BRERA
11558,BRERA
11493,BRERA
11544,BRERA
11535,BRERA
11521,DUOMO
11269,MAGENTA - S.VITTORE
11264,MAGENTA - S.VITTORE
11255,MAGENTA - S.VITTORE
11254,PAGANO
11259,PAGANO
11261,SARPI
11291,SARPI
11282,SARPI
11279,SARPI
10961,SARPI
10957,SARPI
10944,SARPI
10979,GHISOLFA
10965,VILLAPIZZONE - CAGNOLA - BOLDINASCO
10688,VILLAPIZZONE - CAGNOLA - BOLDINASCO
14998,VILLAPIZZONE - CAGNOLA - BOLDINASCO
10685,VILLAPIZZONE - CAGNOLA - BOLDINASCO
10683,VILLAPIZZONE - CAGNOLA - BOLDINASCO
10707,VILLAPIZZONE - CAGNOLA - BOLDINASCO
10705,VILLAPIZZONE - CAGNOLA - BOLDINASCO
14972,VILLAPIZZONE - CAGNOLA - BOLDINASCO
10727,QUARTO OGGIARO - VIALBA - MUSOCCO
10480,QUARTO OGGIARO - VIALBA - MUSOCCO
10474,QUARTO OGGIARO - VIALBA - MUSOCCO
10472,QUARTO OGGIARO - VIALBA - MUSOCCO
14970,ROSERIO
15401,STAZIONE CENTRALE - PONTE SEVESO
17611,STAZIONE CENTRALE - PONTE SEVESO
11929,STAZIONE CENTRALE - PONTE SEVESO
11916,STAZIONE CENTRALE - PONTE SEVESO
15529,STAZIONE CENTRALE - PONTE SEVESO
11879,STAZIONE CENTRALE - PONTE SEVESO
12991,PORTA GARIBALDI - PORTA NUOVA
11863,PORTA GARIBALDI - PORTA NUOVA
11859,PORTA GARIBALDI - PORTA NUOVA
17582,PORTA GARIBALDI - PORTA NUOVA
17326,PORTA GARIBALDI - PORTA NUOVA
17668,SARPI
17612,SARPI
17613,SARPI
11323,GHISOLFA
11297,SARPI
11290,SARPI
11284,SARPI
11249,PAGANO
11245,PAGANO
10899,PAGANO
10896,PORTA MAGENTA
10890,PORTA MAGENTA
11204,MAGENTA - S.VITTORE
11212,MAGENTA - S.VITTORE
11187,MAGENTA - S.VITTORE
11179,PORTA TICINESE - CONCHETTA
11191,PORTA TICINESE - CONCHETTA
11198,PORTA TICINESE - CONCHETTA
17553,PORTA TICINESE - CONCA DEL NAVIGLIO
11199,PORTA TICINESE - CONCHETTA
11190,PORTA TICINESE - CONCHETTA
11182,PORTA TICINESE - CONCHETTA
11193,PORTA TICINESE - CONCHETTA
11184,MAGENTA - S.VITTORE
11203,MAGENTA - S.VITTORE
10893,PORTA MAGENTA
10894,PORTA MAGENTA
10897,PAGANO
11242,PAGANO
11246,PAGANO
11251,PAGANO
11289,SARPI
11296,SARPI
11322,GHISOLFA
17614,SARPI
17615,SARPI
17328,PORTA GARIBALDI - PORTA NUOVA
17329,PORTA GARIBALDI - PORTA NUOVA
17330,PORTA GARIBALDI - PORTA NUOVA
17331,PORTA GARIBALDI - PORTA NUOVA
11860,PORTA GARIBALDI - PORTA NUOVA
11864,PORTA GARIBALDI - PORTA NUOVA
11874,PORTA GARIBALDI - PORTA NUOVA
11880,STAZIONE CENTRALE - PONTE SEVESO
15528,STAZIONE CENTRALE - PONTE SEVESO
11915,STAZIONE CENTRALE - PONTE SEVESO
11930,STAZIONE CENTRALE - PONTE SEVESO
15270,GRATOSOGLIO - Q.RE MISSAGLIA - Q.RE TERRAZZE
16908,GRATOSOGLIO - Q.RE MISSAGLIA - Q.RE TERRAZZE
16909,GRATOSOGLIO - Q.RE MISSAGLIA - Q.RE TERRAZZE
16910,GRATOSOGLIO - Q.RE MISSAGLIA - Q.RE TERRAZZE
16911,GRATOSOGLIO - Q.RE MISSAGLIA - Q.RE TERRAZZE
16912,STADERA - CHIESA ROSSA - Q.RE TORRETTA - CONCA FALLATA
16913,STADERA - CHIESA ROSSA - Q.RE TORRETTA - CONCA FALLATA
18139,STADERA - CHIESA ROSSA - Q.RE TORRETTA - CONCA FALLATA
11136,STADERA - CHIESA ROSSA - Q.RE TORRETTA - CONCA FALLATA
11137,STADERA - CHIESA ROSSA - Q.RE TORRETTA - CONCA FALLATA
11139,TIBALDI
11163,TIBALDI
11165,PORTA TICINESE - CONCA DEL NAVIGLIO
11419,PORTA TICINESE - CONCA DEL NAVIGLIO
11441,PORTA TICINESE - CONCA DEL NAVIGLIO
11443,PORTA TICINESE - CONCA DEL NAVIGLIO
11451,PORTA TICINESE - CONCA DEL NAVIGLIO
11463,PORTA TICINESE - CONCA DEL NAVIGLIO
11464,DUOMO
11499,DUOMO
16929,DUOMO
11498,DUOMO
11465,DUOMO
11462,PORTA TICINESE - CONCA DEL NAVIGLIO
11452,PORTA TICINESE - CONCA DEL NAVIGLIO
11447,PORTA TICINESE - CONCA DEL NAVIGLIO
11442,PORTA TICINESE - CONCA DEL NAVIGLIO
11169,PORTA TICINESE - CONCA DEL NAVIGLIO
11168,PORTA TICINESE - CONCA DEL NAVIGLIO
11164,TIBALDI
11162,TIBALDI
11138,STADERA - CHIESA ROSSA - Q.RE TORRETTA - CONCA FALLATA
11135,STADERA - CHIESA ROSSA - Q.RE TORRETTA - CONCA FALLATA
16843,STADERA - CHIESA ROSSA - Q.RE TORRETTA - CONCA FALLATA
16901,STADERA - CHIESA ROSSA - Q.RE TORRETTA - CONCA FALLATA
16903,STADERA - CHIESA ROSSA - Q.RE TORRETTA - CONCA FALLATA
16904,GRATOSOGLIO - Q.RE MISSAGLIA - Q.RE TERRAZZE
16905,GRATOSOGLIO - Q.RE MISSAGLIA - Q.RE TERRAZZE
16906,GRATOSOGLIO - Q.RE MISSAGLIA - Q.RE TERRAZZE
16907,GRATOSOGLIO - Q.RE MISSAGLIA - Q.RE TERRAZZE
14869,UMBRIA - MOLISE - CALVAIRATE
14870,UMBRIA - MOLISE - CALVAIRATE
12124,UMBRIA - MOLISE - CALVAIRATE
14871,XXII MARZO
12111,XXII MARZO
12098,XXII MARZO
12095,XXII MARZO
11820,GUASTALLA
11810,GUASTALLA
11797,DUOMO
11793,DUOMO
11514,DUOMO
11503,DUOMO
11491,DUOMO
11548,BRERA
11542,BRERA
11533,PARCO SEMPIONE
11570,SARPI
11573,SARPI
11575,SARPI
11321,GHISOLFA
11317,GHISOLFA
11010,GHISOLFA
11002,GHISOLFA
10995,VILLAPIZZONE - CAGNOLA - BOLDINASCO
11016,VILLAPIZZONE - CAGNOLA - BOLDINASCO
11014,VILLAPIZZONE - CAGNOLA - BOLDINASCO
10720,VILLAPIZZONE - CAGNOLA - BOLDINASCO
10722,VILLAPIZZONE - CAGNOLA - BOLDINASCO
10717,VILLAPIZZONE - CAGNOLA - BOLDINASCO
10713,VILLAPIZZONE - CAGNOLA - BOLDINASCO
14905,VILLAPIZZONE - CAGNOLA - BOLDINASCO
10323,ROSERIO
14904,VILLAPIZZONE - CAGNOLA - BOLDINASCO
10716,VILLAPIZZONE - CAGNOLA - BOLDINASCO
10721,VILLAPIZZONE - CAGNOLA - BOLDINASCO
10723,VILLAPIZZONE - CAGNOLA - BOLDINASCO
11013,VILLAPIZZONE - CAGNOLA - BOLDINASCO
11015,VILLAPIZZONE - CAGNOLA - BOLDINASCO
10992,VILLAPIZZONE - CAGNOLA - BOLDINASCO
11003,GHISOLFA
11006,GHISOLFA
11009,GHISOLFA
11320,GHISOLFA
11574,SARPI
11572,SARPI
11532,PARCO SEMPIONE
11541,BRERA
11547,BRERA
11500,DUOMO
11515,DUOMO
11794,DUOMO
11798,DUOMO
11816,GUASTALLA
11823,GUASTALLA
12094,XXII MARZO
12099,XXII MARZO
12108,XXII MARZO
14872,XXII MARZO
14873,UMBRIA - MOLISE - CALVAIRATE
14874,UMBRIA - MOLISE - CALVAIRATE
14227,PORTA GARIBALDI - PORTA NUOVA
14240,TRIULZO SUPERIORE
12808,TRIULZO SUPERIORE
12809,TRIULZO SUPERIORE
14204,TRIULZO SUPERIORE
15224,TRIULZO SUPERIORE
13239,TRIULZO SUPERIORE
15081,VIGENTINO - Q.RE FATIMA
11704,VIGENTINO - Q.RE FATIMA
11717,VIGENTINO - Q.RE FATIMA
11720,VIGENTINO - Q.RE FATIMA
11722,VIGENTINO - Q.RE FATIMA
11714,MORIVIONE
19725,MORIVIONE
17054,MORIVIONE
17055,PTA ROMANA
11765,PORTA VIGENTINA - PORTA LODOVICA
11756,PORTA VIGENTINA - PORTA LODOVICA
11758,PORTA VIGENTINA - PORTA LODOVICA
11761,GUASTALLA
11520,DUOMO
16937,DUOMO
17855,DUOMO
11519,DUOMO
11754,PORTA VIGENTINA - PORTA LODOVICA
11759,PORTA VIGENTINA - PORTA LODOVICA
11757,PORTA VIGENTINA - PORTA LODOVICA
11766,PORTA VIGENTINA - PORTA LODOVICA
11737,PORTA VIGENTINA - PORTA LODOVICA
17057,MORIVIONE
19724,MORIVIONE
11715,MORIVIONE
11713,VIGENTINO - Q.RE FATIMA
11721,VIGENTINO - Q.RE FATIMA
11718,VIGENTINO - Q.RE FATIMA
11703,VIGENTINO - Q.RE FATIMA
11706,VIGENTINO - Q.RE FATIMA
16875,STAZIONE CENTRALE - PONTE SEVESO
15671,PORTA GARIBALDI - PORTA NUOVA
11589,SARPI
17837,SARPI
18022,PAGANO
11265,PARCO SEMPIONE
11275,DUOMO
11885,STAZIONE CENTRALE - PONTE SEVESO
11889,STAZIONE CENTRALE - PONTE SEVESO
11893,STAZIONE CENTRALE - PONTE SEVESO
12187,BUENOS AIRES - PORTA VENEZIA - PORTA MONFORTE
12194,BUENOS AIRES - PORTA VENEZIA - PORTA MONFORTE
12147,BUENOS AIRES - PORTA VENEZIA - PORTA MONFORTE
12143,BUENOS AIRES - PORTA VENEZIA - PORTA MONFORTE
12109,XXII MARZO
11828,GUASTALLA
11821,GUASTALLA
17588,PTA ROMANA
11767,PTA ROMANA
11471,PORTA VIGENTINA - PORTA LODOVICA
11460,PORTA TICINESE - CONCA DEL NAVIGLIO
17559,PORTA TICINESE - CONCA DEL NAVIGLIO
17038,PORTA MAGENTA
16895,MAGENTA - S.VITTORE
11277,DUOMO
11267,PARCO SEMPIONE
18025,SARPI
15665,SARPI
11590,PORTA GARIBALDI - PORTA NUOVA
15666,PORTA GARIBALDI - PORTA NUOVA
11868,PORTA GARIBALDI - PORTA NUOVA
12614,TALIEDO - MORSENCHIO - Q.RE FORLANINI
12620,TALIEDO - MORSENCHIO - Q.RE FORLANINI
12820,TALIEDO - MORSENCHIO - Q.RE FORLANINI
12824,TALIEDO - MORSENCHIO - Q.RE FORLANINI
12825,TALIEDO - MORSENCHIO - Q.RE FORLANINI
12839,TALIEDO - MORSENCHIO - Q.RE FORLANINI
12835,TALIEDO - MORSENCHIO - Q.RE FORLANINI
17050,TALIEDO - MORSENCHIO - Q.RE FORLANINI
17052,TALIEDO - MORSENCHIO - Q.RE FORLANINI
12647,CORSICA
12405,CORSICA
12400,CORSICA
12391,CORSICA
12127,XXII MARZO
12125,XXII MARZO
17854,GUASTALLA
18155,DUOMO
17769,DUOMO
12126,XXII MARZO
12390,XXII MARZO
12392,XXII MARZO
12402,CORSICA
12407,CORSICA
12646,CORSICA
17043,TALIEDO - MORSENCHIO - Q.RE FORLANINI
17045,TALIEDO - MORSENCHIO - Q.RE FORLANINI
12831,TALIEDO - MORSENCHIO - Q.RE FORLANINI
12837,TALIEDO - MORSENCHIO - Q.RE FORLANINI
17697,TALIEDO - MORSENCHIO - Q.RE FORLANINI
19710,TALIEDO - MORSENCHIO - Q.RE FORLANINI
12827,TALIEDO - MORSENCHIO - Q.RE FORLANINI
12615,TALIEDO - MORSENCHIO - Q.RE FORLANINI
16228,TRIULZO SUPERIORE
16276,PARCO SEMPIONE
16284,TRIULZO SUPERIORE
16266,TRIULZO SUPERIORE
11502,DUOMO
14187,DUOMO
11484,DUOMO
11477,DUOMO
11225,MAGENTA - S.VITTORE
11194,MAGENTA - S.VITTORE
11176,PORTA GENOVA
11171,PORTA GENOVA
10855,PORTA GENOVA
10848,PORTA GENOVA
10824,GIAMBELLINO
10820,GIAMBELLINO
10560,GIAMBELLINO
10556,GIAMBELLINO
10548,GIAMBELLINO
10540,GIAMBELLINO
10341,GIAMBELLINO
10336,GIAMBELLINO
10205,GIAMBELLINO
10200,GIAMBELLINO
12984,GIAMBELLINO
11181,PORTA GENOVA
10199,GIAMBELLINO
10204,GIAMBELLINO
10335,GIAMBELLINO
10342,GIAMBELLINO
10539,GIAMBELLINO
10547,GIAMBELLINO
10561,GIAMBELLINO
10564,GIAMBELLINO
10825,GIAMBELLINO
10846,PORTA GENOVA
10854,PORTA GENOVA
11172,PORTA GENOVA
11175,MAGENTA - S.VITTORE
11200,MAGENTA - S.VITTORE
11234,DUOMO
11482,DUOMO
11486,DUOMO
14188,DUOMO
11504,DUOMO
11008,GHISOLFA
11001,GHISOLFA
10988,GHISOLFA
10678,VILLAPIZZONE - CAGNOLA - BOLDINASCO
10697,VILLAPIZZONE - CAGNOLA - BOLDINASCO
10466,VILLAPIZZONE - CAGNOLA - BOLDINASCO
10462,MAGGIORE - MUSOCCO - CERTOSA
10453,MAGGIORE - MUSOCCO - CERTOSA
10448,MAGGIORE - MUSOCCO - CERTOSA
10314,MAGGIORE - MUSOCCO - CERTOSA
10308,MAGGIORE - MUSOCCO - CERTOSA
10305,MAGGIORE - MUSOCCO - CERTOSA
10449,MAGGIORE - MUSOCCO - CERTOSA
10450,MAGGIORE - MUSOCCO - CERTOSA
10456,MAGGIORE - MUSOCCO - CERTOSA
10464,VILLAPIZZONE - CAGNOLA - BOLDINASCO
10698,VILLAPIZZONE - CAGNOLA - BOLDINASCO
10675,VILLAPIZZONE - CAGNOLA - BOLDINASCO
10680,VILLAPIZZONE - CAGNOLA - BOLDINASCO
10987,GHISOLFA
10999,GHISOLFA
11316,GHISOLFA
12321,PARCO DELLE ABBAZIE
12323,PARCO DELLE ABBAZIE
12593,PARCO DELLE ABBAZIE
12595,PARCO DELLE ABBAZIE
17651,LODI - CORVETTO
12594,PARCO DELLE ABBAZIE
12592,PARCO DELLE ABBAZIE
12322,PARCO DELLE ABBAZIE
15641,PARCO DELLE ABBAZIE
11512,DUOMO
11458,PORTA TICINESE - CONCA DEL NAVIGLIO
15380,PORTA TICINESE - CONCA DEL NAVIGLIO
15378,PORTA TICINESE - CONCA DEL NAVIGLIO
15376,PORTA TICINESE - CONCA DEL NAVIGLIO
15374,TIBALDI
15372,TIBALDI
15370,STADERA - CHIESA ROSSA - Q.RE TORRETTA - CONCA FALLATA
15368,STADERA - CHIESA ROSSA - Q.RE TORRETTA - CONCA FALLATA
15366,STADERA - CHIESA ROSSA - Q.RE TORRETTA - CONCA FALLATA
11130,STADERA - CHIESA ROSSA - Q.RE TORRETTA - CONCA FALLATA
11112,STADERA - CHIESA ROSSA - Q.RE TORRETTA - CONCA FALLATA
11109,STADERA - CHIESA ROSSA - Q.RE TORRETTA - CONCA FALLATA
11107,STADERA - CHIESA ROSSA - Q.RE TORRETTA - CONCA FALLATA
11106,GRATOSOGLIO - Q.RE MISSAGLIA - Q.RE TERRAZZE
11082,GRATOSOGLIO - Q.RE MISSAGLIA - Q.RE TERRAZZE
11080,GRATOSOGLIO - Q.RE MISSAGLIA - Q.RE TERRAZZE
11096,GRATOSOGLIO - Q.RE MISSAGLIA - Q.RE TERRAZZE
11094,GRATOSOGLIO - Q.RE MISSAGLIA - Q.RE TERRAZZE
11093,GRATOSOGLIO - Q.RE MISSAGLIA - Q.RE TERRAZZE
11095,GRATOSOGLIO - Q.RE MISSAGLIA - Q.RE TERRAZZE
11078,GRATOSOGLIO - Q.RE MISSAGLIA - Q.RE TERRAZZE
11081,GRATOSOGLIO - Q.RE MISSAGLIA - Q.RE TERRAZZE
11105,GRATOSOGLIO - Q.RE MISSAGLIA - Q.RE TERRAZZE
11108,STADERA - CHIESA ROSSA - Q.RE TORRETTA - CONCA FALLATA
11110,STADERA - CHIESA ROSSA - Q.RE TORRETTA - CONCA FALLATA
11111,STADERA - CHIESA ROSSA - Q.RE TORRETTA - CONCA FALLATA
11131,STADERA - CHIESA ROSSA - Q.RE TORRETTA - CONCA FALLATA
15365,STADERA - CHIESA ROSSA - Q.RE TORRETTA - CONCA FALLATA
15367,STADERA - CHIESA ROSSA - Q.RE TORRETTA - CONCA FALLATA
15369,STADERA - CHIESA ROSSA - Q.RE TORRETTA - CONCA FALLATA
15371,TIBALDI
15373,TIBALDI
15375,PORTA TICINESE - CONCA DEL NAVIGLIO
15377,PORTA TICINESE - CONCA DEL NAVIGLIO
15379,PORTA TICINESE - CONCA DEL NAVIGLIO
11459,PORTA TICINESE - CONCA DEL NAVIGLIO
12585,GORLA - PRECOTTO
12581,GORLA - PRECOTTO
12563,GORLA - PRECOTTO
12554,GORLA - PRECOTTO
12542,PADOVA - TURRO - CRESCENZAGO
12263,LORETO - CASORETTO - NOLO
12259,LORETO - CASORETTO - NOLO
12251,LORETO - CASORETTO - NOLO
12199,BUENOS AIRES - PORTA VENEZIA - PORTA MONFORTE
12181,BUENOS AIRES - PORTA VENEZIA - PORTA MONFORTE
11858,BUENOS AIRES - PORTA VENEZIA - PORTA MONFORTE
11848,GIARDINI P.TA VENEZIA
11814,DUOMO
11494,BRERA
11483,DUOMO
11273,MAGENTA - S.VITTORE
11244,PAGANO
16935,PAGANO
10908,DE ANGELI - MONTE ROSA
10900,DE ANGELI - MONTE ROSA
17533,DE ANGELI - MONTE ROSA
10447,QT 8
15300,Q.RE GALLARATESE - Q.RE SAN LEONARDO - LAMPUGNANO
16936,Q.RE GALLARATESE - Q.RE SAN LEONARDO - LAMPUGNANO
10122,Q.RE GALLARATESE - Q.RE SAN LEONARDO - LAMPUGNANO
10104,Q.RE GALLARATESE - Q.RE SAN LEONARDO - LAMPUGNANO
10192,Q.RE GALLARATESE - Q.RE SAN LEONARDO - LAMPUGNANO
15004,DUOMO
10917,PAGANO
10911,PAGANO
10590,DE ANGELI - MONTE ROSA
10576,BANDE NERE
10387,BANDE NERE
16898,FORZE ARMATE
10235,FORZE ARMATE
10211,FORZE ARMATE
10208,FORZE ARMATE
10218,FORZE ARMATE
10068,FORZE ARMATE
10065,FORZE ARMATE
10064,FORZE ARMATE
10060,FORZE ARMATE
10154,BAGGIO - Q.RE DEGLI OLMI - Q.RE VALSESIA
10150,BAGGIO - Q.RE DEGLI OLMI - Q.RE VALSESIA
10137,BAGGIO - Q.RE DEGLI OLMI - Q.RE VALSESIA
10132,BAGGIO - Q.RE DEGLI OLMI - Q.RE VALSESIA
12942,BAGGIO - Q.RE DEGLI OLMI - Q.RE VALSESIA
10029,BAGGIO - Q.RE DEGLI OLMI - Q.RE VALSESIA
10027,BAGGIO - Q.RE DEGLI OLMI - Q.RE VALSESIA
10028,BAGGIO - Q.RE DEGLI OLMI - Q.RE VALSESIA
10128,BAGGIO - Q.RE DEGLI OLMI - Q.RE VALSESIA
10130,BAGGIO - Q.RE DEGLI OLMI - Q.RE VALSESIA
10134,BAGGIO - Q.RE DEGLI OLMI - Q.RE VALSESIA
10138,BAGGIO - Q.RE DEGLI OLMI - Q.RE VALSESIA
10162,BAGGIO - Q.RE DEGLI OLMI - Q.RE VALSESIA
17065,BAGGIO - Q.RE DEGLI OLMI - Q.RE VALSESIA
10059,FORZE ARMATE
10063,FORZE ARMATE
10066,FORZE ARMATE
10067,FORZE ARMATE
10219,FORZE ARMATE
10209,FORZE ARMATE
10210,FORZE ARMATE
10236,FORZE ARMATE
16893,BANDE NERE
10571,BANDE NERE
10579,BANDE NERE
10584,BANDE NERE
16894,DE ANGELI - MONTE ROSA
10910,PAGANO
10916,PAGANO
11243,PAGANO
13129,Q.RE GALLARATESE - Q.RE SAN LEONARDO - LAMPUGNANO
10106,Q.RE GALLARATESE - Q.RE SAN LEONARDO - LAMPUGNANO
10281,Q.RE GALLARATESE - Q.RE SAN LEONARDO - LAMPUGNANO
15302,Q.RE GALLARATESE - Q.RE SAN LEONARDO - LAMPUGNANO
15089,Q.RE GALLARATESE - Q.RE SAN LEONARDO - LAMPUGNANO
10638,QT 8
10652,DE ANGELI - MONTE ROSA
10901,DE ANGELI - MONTE ROSA
10907,DE ANGELI - MONTE ROSA
11274,MAGENTA - S.VITTORE
11485,DUOMO
11492,BRERA
11507,DUOMO
16930,DUOMO
11809,DUOMO
11815,GUASTALLA
11852,GIARDINI P.TA VENEZIA
11857,BUENOS AIRES - PORTA VENEZIA - PORTA MONFORTE
12188,BUENOS AIRES - PORTA VENEZIA - PORTA MONFORTE
12209,BUENOS AIRES - PORTA VENEZIA - PORTA MONFORTE
12252,LORETO - CASORETTO - NOLO
12258,LORETO - CASORETTO - NOLO
12262,LORETO - CASORETTO - NOLO
12540,PADOVA - TURRO - CRESCENZAGO
12558,GORLA - PRECOTTO
12564,GORLA - PRECOTTO
12582,GORLA - PRECOTTO
12584,GORLA - PRECOTTO
16932,STADERA - CHIESA ROSSA - Q.RE TORRETTA - CONCA FALLATA
11113,MONCUCCO - SAN CRISTOFORO
10800,MONCUCCO - SAN CRISTOFORO
17459,MONCUCCO - SAN CRISTOFORO
10816,PORTA TICINESE - CONCHETTA
12943,PORTA TICINESE - CONCHETTA
11178,PORTA TICINESE - CONCHETTA
17770,MAGENTA - S.VITTORE
18128,MAGENTA - S.VITTORE
11525,DUOMO
16919,BRERA
17704,SARPI
11928,STAZIONE CENTRALE - PONTE SEVESO
12185,STAZIONE CENTRALE - PONTE SEVESO
12210,BUENOS AIRES - PORTA VENEZIA - PORTA MONFORTE
12487,CITTA' STUDI
12712,CITTA' STUDI
12735,CIMIANO - ROTTOLE - Q.RE FELTRE
12766,PADOVA - TURRO - CRESCENZAGO
12782,PADOVA - TURRO - CRESCENZAGO
12892,ADRIANO
13807,CIMIANO - ROTTOLE - Q.RE FELTRE
12893,ADRIANO
12783,PADOVA - TURRO - CRESCENZAGO
16915,PADOVA - TURRO - CRESCENZAGO
12731,CIMIANO - ROTTOLE - Q.RE FELTRE
12700,CITTA' STUDI
12488,CITTA' STUDI
12211,BUENOS AIRES - PORTA VENEZIA - PORTA MONFORTE
12184,STAZIONE CENTRALE - PONTE SEVESO
11884,STAZIONE CENTRALE - PONTE SEVESO
11869,PORTA GARIBALDI - PORTA NUOVA
17392,BRERA
11524,DUOMO
18127,MAGENTA - S.VITTORE
17756,MAGENTA - S.VITTORE
11177,PORTA TICINESE - CONCHETTA
10818,PORTA TICINESE - CONCHETTA
16938,PORTA TICINESE - CONCHETTA
10807,MONCUCCO - SAN CRISTOFORO
10774,MONCUCCO - SAN CRISTOFORO
11114,MONCUCCO - SAN CRISTOFORO
12811,TRIULZO SUPERIORE
17073,ROGOREDO - SANTA GIULIA
18050,LODI - CORVETTO
12961,LODI - CORVETTO
12344,LODI - CORVETTO
17741,LODI - CORVETTO
12032,UMBRIA - MOLISE - CALVAIRATE
12048,PTA ROMANA
11778,GUASTALLA
11763,GUASTALLA
11839,GUASTALLA
11841,BRERA
11872,STAZIONE CENTRALE - PONTE SEVESO
15635,STAZIONE CENTRALE - PONTE SEVESO
11918,MACIACHINI - MAGGIOLINA
11895,ISOLA
11622,ISOLA
15598,DERGANO
16838,DERGANO
11363,AFFORI
16792,AFFORI
16797,BRUZZANO
13312,COMASINA
16791,AFFORI
17978,AFFORI
16837,DERGANO
11649,DERGANO
12981,MACIACHINI - MAGGIOLINA
11912,MACIACHINI - MAGGIOLINA
16851,STAZIONE CENTRALE - PONTE SEVESO
11867,STAZIONE CENTRALE - PONTE SEVESO
16900,GUASTALLA
16931,DUOMO
11516,DUOMO
11510,DUOMO
11760,GUASTALLA
11776,PTA ROMANA
12044,PTA ROMANA
12031,UMBRIA - MOLISE - CALVAIRATE
12040,LODI - CORVETTO
12347,LODI - CORVETTO
12964,LODI - CORVETTO
18132,LODI - CORVETTO
12599,ROGOREDO - SANTA GIULIA
12385,ORTOMERCATO
12384,ORTOMERCATO
12374,ORTOMERCATO
13172,UMBRIA - MOLISE - CALVAIRATE
12074,UMBRIA - MOLISE - CALVAIRATE
12071,XXII MARZO
12067,XXII MARZO
12059,XXII MARZO
12051,XXII MARZO
11826,GUASTALLA
11774,GUASTALLA
11770,GUASTALLA
11764,GUASTALLA
11511,DUOMO
18519,MAGENTA - S.VITTORE
11217,MAGENTA - S.VITTORE
11210,PAGANO
10891,PAGANO
10874,PAGANO
10905,DE ANGELI - MONTE ROSA
10635,DE ANGELI - MONTE ROSA
10634,DE ANGELI - MONTE ROSA
10630,DE ANGELI - MONTE ROSA
10621,SAN SIRO
10618,SAN SIRO
17360,STADIO - IPPODROMI
17466,STADIO - IPPODROMI
17467,STADIO - IPPODROMI
17468,STADIO - IPPODROMI
17469,STADIO - IPPODROMI
12937,DE ANGELI - MONTE ROSA
17470,STADIO - IPPODROMI
17471,STADIO - IPPODROMI
17472,STADIO - IPPODROMI
17473,STADIO - IPPODROMI
10612,SAN SIRO
10619,SAN SIRO
10629,DE ANGELI - MONTE ROSA
10632,DE ANGELI - MONTE ROSA
10633,DE ANGELI - MONTE ROSA
10906,DE ANGELI - MONTE ROSA
10881,PAGANO
10888,PAGANO
10898,PAGANO
11216,MAGENTA - S.VITTORE
11230,MAGENTA - S.VITTORE
11241,DUOMO
11762,GUASTALLA
11769,GUASTALLA
11775,GUASTALLA
11827,GUASTALLA
12052,XXII MARZO
12056,XXII MARZO
12062,XXII MARZO
12065,XXII MARZO
12069,UMBRIA - MOLISE - CALVAIRATE
12082,UMBRIA - MOLISE - CALVAIRATE
12382,ORTOMERCATO
12383,ORTOMERCATO
12387,ORTOMERCATO
18124,COMASINA
16841,BRUZZANO
11640,ISOLA
11897,ISOLA
11635,ISOLA
13097,ISOLA
11643,MACIACHINI - MAGGIOLINA
11661,MACIACHINI - MAGGIOLINA
11657,MACIACHINI - MAGGIOLINA
11659,MACIACHINI - MAGGIOLINA
11666,NIGUARDA - CA GRANDA - PRATO CENTENARO - Q.RE FULVIO TESTI
11670,NIGUARDA - CA GRANDA - PRATO CENTENARO - Q.RE FULVIO TESTI
15413,NIGUARDA - CA GRANDA - PRATO CENTENARO - Q.RE FULVIO TESTI
15071,NIGUARDA - CA GRANDA - PRATO CENTENARO - Q.RE FULVIO TESTI
11691,NIGUARDA - CA GRANDA - PRATO CENTENARO - Q.RE FULVIO TESTI
15464,NIGUARDA - CA GRANDA - PRATO CENTENARO - Q.RE FULVIO TESTI
11692,NIGUARDA - CA GRANDA - PRATO CENTENARO - Q.RE FULVIO TESTI
16795,NIGUARDA - CA GRANDA - PRATO CENTENARO - Q.RE FULVIO TESTI
15416,NIGUARDA - CA GRANDA - PRATO CENTENARO - Q.RE FULVIO TESTI
11694,NIGUARDA - CA GRANDA - PRATO CENTENARO - Q.RE FULVIO TESTI
11690,NIGUARDA - CA GRANDA - PRATO CENTENARO - Q.RE FULVIO TESTI
11688,NIGUARDA - CA GRANDA - PRATO CENTENARO - Q.RE FULVIO TESTI
11676,NIGUARDA - CA GRANDA - PRATO CENTENARO - Q.RE FULVIO TESTI
11669,NIGUARDA - CA GRANDA - PRATO CENTENARO - Q.RE FULVIO TESTI
11668,NIGUARDA - CA GRANDA - PRATO CENTENARO - Q.RE FULVIO TESTI
11663,NIGUARDA - CA GRANDA - PRATO CENTENARO - Q.RE FULVIO TESTI
11655,MACIACHINI - MAGGIOLINA
11658,MACIACHINI - MAGGIOLINA
11656,MACIACHINI - MAGGIOLINA
11660,MACIACHINI - MAGGIOLINA
11637,ISOLA
11642,ISOLA
10303,MAGGIORE - MUSOCCO - CERTOSA
10322,MAGGIORE - MUSOCCO - CERTOSA
17492,MAGGIORE - MUSOCCO - CERTOSA
17493,MAGGIORE - MUSOCCO - CERTOSA
10315,MAGGIORE - MUSOCCO - CERTOSA
10127,MAGGIORE - MUSOCCO - CERTOSA
10126,MAGGIORE - MUSOCCO - CERTOSA
10316,MAGGIORE - MUSOCCO - CERTOSA
10317,MAGGIORE - MUSOCCO - CERTOSA
17494,MAGGIORE - MUSOCCO - CERTOSA
17495,MAGGIORE - MUSOCCO - CERTOSA
12944,MAGGIORE - MUSOCCO - CERTOSA
10304,MAGGIORE - MUSOCCO - CERTOSA
15061,NIGUARDA - CA GRANDA - PRATO CENTENARO - Q.RE FULVIO TESTI
12010,NIGUARDA - CA GRANDA - PRATO CENTENARO - Q.RE FULVIO TESTI
12317,NIGUARDA - CA GRANDA - PRATO CENTENARO - Q.RE FULVIO TESTI
16778,NIGUARDA - CA GRANDA - PRATO CENTENARO - Q.RE FULVIO TESTI
17059,NIGUARDA - CA GRANDA - PRATO CENTENARO - Q.RE FULVIO TESTI
17152,NIGUARDA - CA GRANDA - PRATO CENTENARO - Q.RE FULVIO TESTI
13119,NIGUARDA - CA GRANDA - PRATO CENTENARO - Q.RE FULVIO TESTI
13120,NIGUARDA - CA GRANDA - PRATO CENTENARO - Q.RE FULVIO TESTI
13121,NIGUARDA - CA GRANDA - PRATO CENTENARO - Q.RE FULVIO TESTI
11687,NIGUARDA - CA GRANDA - PRATO CENTENARO - Q.RE FULVIO TESTI
11683,NIGUARDA - CA GRANDA - PRATO CENTENARO - Q.RE FULVIO TESTI
11679,BRUZZANO
11697,PARCO NORD
11680,BRUZZANO
11684,NIGUARDA - CA GRANDA - PRATO CENTENARO - Q.RE FULVIO TESTI
11686,NIGUARDA - CA GRANDA - PRATO CENTENARO - Q.RE FULVIO TESTI
11970,NIGUARDA - CA GRANDA - PRATO CENTENARO - Q.RE FULVIO TESTI
11984,NIGUARDA - CA GRANDA - PRATO CENTENARO - Q.RE FULVIO TESTI
13123,NIGUARDA - CA GRANDA - PRATO CENTENARO - Q.RE FULVIO TESTI
13124,NIGUARDA - CA GRANDA - PRATO CENTENARO - Q.RE FULVIO TESTI
13117,NIGUARDA - CA GRANDA - PRATO CENTENARO - Q.RE FULVIO TESTI
13118,NIGUARDA - CA GRANDA - PRATO CENTENARO - Q.RE FULVIO TESTI
12308,NIGUARDA - CA GRANDA - PRATO CENTENARO - Q.RE FULVIO TESTI
12309,NIGUARDA - CA GRANDA - PRATO CENTENARO - Q.RE FULVIO TESTI
12318,NIGUARDA - CA GRANDA - PRATO CENTENARO - Q.RE FULVIO TESTI
15060,NIGUARDA - CA GRANDA - PRATO CENTENARO - Q.RE FULVIO TESTI
14861,PADOVA - TURRO - CRESCENZAGO
12541,PADOVA - TURRO - CRESCENZAGO
12559,GORLA - PRECOTTO
12561,GORLA - PRECOTTO
12556,GORLA - PRECOTTO
12294,GORLA - PRECOTTO
12277,GRECO - SEGNANO
17732,STAZIONE CENTRALE - PONTE SEVESO
12514,LORETO - CASORETTO - NOLO
12518,LORETO - CASORETTO - NOLO
12513,LORETO - CASORETTO - NOLO
12257,LORETO - CASORETTO - NOLO
15961,LORETO - CASORETTO - NOLO
17735,STAZIONE CENTRALE - PONTE SEVESO
17736,STAZIONE CENTRALE - PONTE SEVESO
12278,GRECO - SEGNANO
12293,GORLA - PRECOTTO
12555,GORLA - PRECOTTO
12562,GORLA - PRECOTTO
12560,GORLA - PRECOTTO
14860,PADOVA - TURRO - CRESCENZAGO
12913,MONLUE' - PONTE LAMBRO
12906,MONLUE' - PONTE LAMBRO
12616,TALIEDO - MORSENCHIO - Q.RE FORLANINI
12634,TALIEDO - MORSENCHIO - Q.RE FORLANINI
12635,TALIEDO - MORSENCHIO - Q.RE FORLANINI
12636,TALIEDO - MORSENCHIO - Q.RE FORLANINI
12637,TALIEDO - MORSENCHIO - Q.RE FORLANINI
12638,TALIEDO - MORSENCHIO - Q.RE FORLANINI
12661,TALIEDO - MORSENCHIO - Q.RE FORLANINI
12664,TALIEDO - MORSENCHIO - Q.RE FORLANINI
12645,TALIEDO - MORSENCHIO - Q.RE FORLANINI
12836,TALIEDO - MORSENCHIO - Q.RE FORLANINI
12848,TALIEDO - MORSENCHIO - Q.RE FORLANINI
18113,TALIEDO - MORSENCHIO - Q.RE FORLANINI
18475,TALIEDO - MORSENCHIO - Q.RE FORLANINI
18476,PARCO FORLANINI - CAVRIANO
18114,CORSICA
18115,CORSICA
12649,CORSICA
12668,CORSICA
12670,CITTA' STUDI
12672,CITTA' STUDI
12696,CITTA' STUDI
12697,CITTA' STUDI
12702,CITTA' STUDI
12701,LORETO - CASORETTO - NOLO
12714,CIMIANO - ROTTOLE - Q.RE FELTRE
12740,CIMIANO - ROTTOLE - Q.RE FELTRE
12746,CIMIANO - ROTTOLE - Q.RE FELTRE
12871,CIMIANO - ROTTOLE - Q.RE FELTRE
12873,CIMIANO - ROTTOLE - Q.RE FELTRE
12870,CIMIANO - ROTTOLE - Q.RE FELTRE
12747,CIMIANO - ROTTOLE - Q.RE FELTRE
12739,CIMIANO - ROTTOLE - Q.RE FELTRE
12736,CIMIANO - ROTTOLE - Q.RE FELTRE
12729,CIMIANO - ROTTOLE - Q.RE FELTRE
12510,LORETO - CASORETTO - NOLO
12706,CITTA' STUDI
12705,CITTA' STUDI
17960,CITTA' STUDI
12465,CITTA' STUDI
12463,CITTA' STUDI
12671,CITTA' STUDI
12669,CITTA' STUDI
12410,CORSICA
12409,CORSICA
12408,CORSICA
12655,PARCO FORLANINI - CAVRIANO
12658,TALIEDO - MORSENCHIO - Q.RE FORLANINI
12657,TALIEDO - MORSENCHIO - Q.RE FORLANINI
12847,TALIEDO - MORSENCHIO - Q.RE FORLANINI
12833,TALIEDO - MORSENCHIO - Q.RE FORLANINI
12830,TALIEDO - MORSENCHIO - Q.RE FORLANINI
12665,TALIEDO - MORSENCHIO - Q.RE FORLANINI
12660,TALIEDO - MORSENCHIO - Q.RE FORLANINI
12633,TALIEDO - MORSENCHIO - Q.RE FORLANINI
12632,TALIEDO - MORSENCHIO - Q.RE FORLANINI
12631,TALIEDO - MORSENCHIO - Q.RE FORLANINI
12630,TALIEDO - MORSENCHIO - Q.RE FORLANINI
12629,TALIEDO - MORSENCHIO - Q.RE FORLANINI
12612,TALIEDO - MORSENCHIO - Q.RE FORLANINI
12905,MONLUE' - PONTE LAMBRO
12912,MONLUE' - PONTE LAMBRO
12910,MONLUE' - PONTE LAMBRO
12909,MONLUE' - PONTE LAMBRO
18133,MONLUE' - PONTE LAMBRO
15278,PARCO NORD
15279,PARCO NORD
15280,PARCO NORD
15281,PARCO NORD
15282,PARCO NORD
15283,PARCO NORD
16798,BRUZZANO
18057,COMASINA
10724,VILLAPIZZONE - CAGNOLA - BOLDINASCO
10975,VILLAPIZZONE - CAGNOLA - BOLDINASCO
10969,VILLAPIZZONE - CAGNOLA - BOLDINASCO
10972,VILLAPIZZONE - CAGNOLA - BOLDINASCO
10989,GHISOLFA
17550,PORTELLO
17552,PORTELLO
10947,PAGANO
10932,PAGANO
11253,PAGANO
11231,MAGENTA - S.VITTORE
12090,GUASTALLA
12092,GUASTALLA
12129,GUASTALLA
12133,GUASTALLA
12139,BUENOS AIRES - PORTA VENEZIA - PORTA MONFORTE
12145,BUENOS AIRES - PORTA VENEZIA - PORTA MONFORTE
12163,BUENOS AIRES - PORTA VENEZIA - PORTA MONFORTE
12415,BUENOS AIRES - PORTA VENEZIA - PORTA MONFORTE
12429,BUENOS AIRES - PORTA VENEZIA - PORTA MONFORTE
12435,CITTA' STUDI
12489,CITTA' STUDI
12494,CITTA' STUDI
12505,CITTA' STUDI
12703,CITTA' STUDI
12709,CITTA' STUDI
12707,CITTA' STUDI
10469,VILLAPIZZONE - CAGNOLA - BOLDINASCO
10699,VILLAPIZZONE - CAGNOLA - BOLDINASCO
12704,CITTA' STUDI
12698,CITTA' STUDI
12499,CITTA' STUDI
12490,CITTA' STUDI
12486,CITTA' STUDI
12431,CITTA' STUDI
12418,BUENOS AIRES - PORTA VENEZIA - PORTA MONFORTE
12169,BUENOS AIRES - PORTA VENEZIA - PORTA MONFORTE
12154,BUENOS AIRES - PORTA VENEZIA - PORTA MONFORTE
12140,BUENOS AIRES - PORTA VENEZIA - PORTA MONFORTE
12132,GUASTALLA
12130,GUASTALLA
12093,GUASTALLA
12091,GUASTALLA
11233,MAGENTA - S.VITTORE
11266,MAGENTA - S.VITTORE
10931,PAGANO
10926,PAGANO
10949,PAGANO
17554,PORTELLO
17551,PORTELLO
10983,GHISOLFA
10971,VILLAPIZZONE - CAGNOLA - BOLDINASCO
10968,VILLAPIZZONE - CAGNOLA - BOLDINASCO
10974,VILLAPIZZONE - CAGNOLA - BOLDINASCO
10977,VILLAPIZZONE - CAGNOLA - BOLDINASCO
12978,BOVISA
11335,BOVISA
11334,BOVISA
11339,BOVISA
11325,FARINI
11608,FARINI
11617,ISOLA
11614,ISOLA
11609,ISOLA
11587,SARPI
11577,SARPI
11174,PORTA GENOVA
10856,PORTA GENOVA
10850,PORTA TICINESE - CONCHETTA
10845,PORTA TICINESE - CONCHETTA
19842,MONCUCCO - SAN CRISTOFORO
10537,MONCUCCO - SAN CRISTOFORO
10530,RONCHETTO SUL NAVIGLIO - Q.RE LODOVICO IL MORO
10523,GIAMBELLINO
17923,GIAMBELLINO
10519,RONCHETTO SUL NAVIGLIO - Q.RE LODOVICO IL MORO
10524,RONCHETTO SUL NAVIGLIO - Q.RE LODOVICO IL MORO
10529,MONCUCCO - SAN CRISTOFORO
10536,MONCUCCO - SAN CRISTOFORO
10830,PORTA TICINESE - CONCHETTA
10844,PORTA TICINESE - CONCHETTA
10857,PORTA TICINESE - CONCHETTA
11173,PORTA GENOVA
11588,SARPI
11612,ISOLA
11613,ISOLA
11616,ISOLA
11610,FARINI
11326,FARINI
11338,BOVISA
11333,BOVISA
11329,BOVISA
13455,QUINTO ROMANO
11701,PARCO DELLE ABBAZIE
12011,QUINTOSOLE
12012,QUINTOSOLE
19727,PARCO DELLE ABBAZIE
13446,ASSIANO
19728,PARCO DELLE ABBAZIE
12013,QUINTOSOLE
12014,QUINTOSOLE
11700,PARCO DELLE ABBAZIE
11132,STADERA - CHIESA ROSSA - Q.RE TORRETTA - CONCA FALLATA
15082,VIGENTINO - Q.RE FATIMA
15083,VIGENTINO - Q.RE FATIMA
15084,VIGENTINO - Q.RE FATIMA
11740,SCALO ROMANA
11736,PORTA VIGENTINA - PORTA LODOVICA
11788,DUOMO
11741,MORIVIONE
15099,VIGENTINO - Q.RE FATIMA
15085,VIGENTINO - Q.RE FATIMA
15381,DUOMO
12651,PARCO FORLANINI - CAVRIANO
19735,TALIEDO - MORSENCHIO - Q.RE FORLANINI
12641,TALIEDO - MORSENCHIO - Q.RE FORLANINI
12643,TALIEDO - MORSENCHIO - Q.RE FORLANINI
12834,TALIEDO - MORSENCHIO - Q.RE FORLANINI
12840,TALIEDO - MORSENCHIO - Q.RE FORLANINI
12823,TALIEDO - MORSENCHIO - Q.RE FORLANINI
12979,TALIEDO - MORSENCHIO - Q.RE FORLANINI
12822,TALIEDO - MORSENCHIO - Q.RE FORLANINI
12838,TALIEDO - MORSENCHIO - Q.RE FORLANINI
12832,TALIEDO - MORSENCHIO - Q.RE FORLANINI
12644,TALIEDO - MORSENCHIO - Q.RE FORLANINI
12642,TALIEDO - MORSENCHIO - Q.RE FORLANINI
19734,TALIEDO - MORSENCHIO - Q.RE FORLANINI
12650,PARCO FORLANINI - CAVRIANO
11091,GRATOSOGLIO - Q.RE MISSAGLIA - Q.RE TERRAZZE
11448,PORTA TICINESE - CONCA DEL NAVIGLIO
15077,DUOMO
11481,DUOMO
12938,DUOMO
11490,DUOMO
11480,DUOMO
15078,DUOMO
11445,PORTA TICINESE - CONCA DEL NAVIGLIO
12320,NIGUARDA - CA GRANDA - PRATO CENTENARO - Q.RE FULVIO TESTI
14884,NIGUARDA - CA GRANDA - PRATO CENTENARO - Q.RE FULVIO TESTI
12311,NIGUARDA - CA GRANDA - PRATO CENTENARO - Q.RE FULVIO TESTI
12302,NIGUARDA - CA GRANDA - PRATO CENTENARO - Q.RE FULVIO TESTI
17157,NIGUARDA - CA GRANDA - PRATO CENTENARO - Q.RE FULVIO TESTI
17158,NIGUARDA - CA GRANDA - PRATO CENTENARO - Q.RE FULVIO TESTI
11986,NIGUARDA - CA GRANDA - PRATO CENTENARO - Q.RE FULVIO TESTI
11979,NIGUARDA - CA GRANDA - PRATO CENTENARO - Q.RE FULVIO TESTI
11973,NIGUARDA - CA GRANDA - PRATO CENTENARO - Q.RE FULVIO TESTI
11958,NIGUARDA - CA GRANDA - PRATO CENTENARO - Q.RE FULVIO TESTI
11950,MACIACHINI - MAGGIOLINA
11947,MACIACHINI - MAGGIOLINA
11944,MACIACHINI - MAGGIOLINA
11639,ISOLA
11631,ISOLA
12941,ISOLA
12280,NIGUARDA - CA GRANDA - PRATO CENTENARO - Q.RE FULVIO TESTI
17160,NIGUARDA - CA GRANDA - PRATO CENTENARO - Q.RE FULVIO TESTI
12306,NIGUARDA - CA GRANDA - PRATO CENTENARO - Q.RE FULVIO TESTI
12312,NIGUARDA - CA GRANDA - PRATO CENTENARO - Q.RE FULVIO TESTI
11898,ISOLA
11903,MACIACHINI - MAGGIOLINA
11948,MACIACHINI - MAGGIOLINA
11956,MACIACHINI - MAGGIOLINA
11961,NIGUARDA - CA GRANDA - PRATO CENTENARO - Q.RE FULVIO TESTI
11977,NIGUARDA - CA GRANDA - PRATO CENTENARO - Q.RE FULVIO TESTI
11978,NIGUARDA - CA GRANDA - PRATO CENTENARO - Q.RE FULVIO TESTI
17303,NIGUARDA - CA GRANDA - PRATO CENTENARO - Q.RE FULVIO TESTI
15643,FORZE ARMATE
10213,LORENTEGGIO
13265,LORENTEGGIO
13266,LORENTEGGIO
13294,LORENTEGGIO
13295,LORENTEGGIO
10214,LORENTEGGIO
19825,FORZE ARMATE
13269,BAGGIO - Q.RE DEGLI OLMI - Q.RE VALSESIA
13112,BAGGIO - Q.RE DEGLI OLMI - Q.RE VALSESIA
17693,FORZE ARMATE
11195,MAGENTA - S.VITTORE
13175,GIAMBELLINO
10338,RONCHETTO SUL NAVIGLIO - Q.RE LODOVICO IL MORO
10329,RONCHETTO SUL NAVIGLIO - Q.RE LODOVICO IL MORO
13176,RONCHETTO SUL NAVIGLIO - Q.RE LODOVICO IL MORO
16979,RONCHETTO SUL NAVIGLIO - Q.RE LODOVICO IL MORO
13200,PORTA TICINESE - CONCHETTA
10817,PORTA TICINESE - CONCHETTA
13197,RONCHETTO SUL NAVIGLIO - Q.RE LODOVICO IL MORO
16980,RONCHETTO SUL NAVIGLIO - Q.RE LODOVICO IL MORO
10327,RONCHETTO SUL NAVIGLIO - Q.RE LODOVICO IL MORO
10330,RONCHETTO SUL NAVIGLIO - Q.RE LODOVICO IL MORO
10339,RONCHETTO SUL NAVIGLIO - Q.RE LODOVICO IL MORO
13198,RONCHETTO SUL NAVIGLIO - Q.RE LODOVICO IL MORO
10814,PORTA TICINESE - CONCHETTA
11146,PORTA TICINESE - CONCHETTA
13188,RONCHETTO SUL NAVIGLIO - Q.RE LODOVICO IL MORO
13264,FORZE ARMATE
15259,LORENTEGGIO
10202,LORENTEGGIO
13140,LORENTEGGIO
13141,LORENTEGGIO
15585,LORENTEGGIO
10203,LORENTEGGIO
17337,ISOLA
11619,ISOLA
11611,ISOLA
17436,STAZIONE CENTRALE - PONTE SEVESO
12969,BUENOS AIRES - PORTA VENEZIA - PORTA MONFORTE
12136,BUENOS AIRES - PORTA VENEZIA - PORTA MONFORTE
12146,BUENOS AIRES - PORTA VENEZIA - PORTA MONFORTE
12717,LAMBRATE - ORTICA
12141,BUENOS AIRES - PORTA VENEZIA - PORTA MONFORTE
12970,BUENOS AIRES - PORTA VENEZIA - PORTA MONFORTE
11887,STAZIONE CENTRALE - PONTE SEVESO
11877,STAZIONE CENTRALE - PONTE SEVESO
11862,PORTA GARIBALDI - PORTA NUOVA
17327,SARPI
11615,ISOLA
11627,ISOLA
12362,LODI - CORVETTO
12360,LODI - CORVETTO
12348,LODI - CORVETTO
12041,LODI - CORVETTO
12035,LODI - CORVETTO
12030,SCALO ROMANA
11748,SCALO ROMANA
11746,SCALO ROMANA
12986,VIGENTINO - Q.RE FATIMA
11727,VIGENTINO - Q.RE FATIMA
11730,VIGENTINO - Q.RE FATIMA
12015,VIGENTINO - Q.RE FATIMA
12016,VIGENTINO - Q.RE FATIMA
12017,VIGENTINO - Q.RE FATIMA
12018,VIGENTINO - Q.RE FATIMA
11728,VIGENTINO - Q.RE FATIMA
11723,VIGENTINO - Q.RE FATIMA
11745,SCALO ROMANA
11747,SCALO ROMANA
12029,SCALO ROMANA
12036,LODI - CORVETTO
12043,LODI - CORVETTO
12357,LODI - CORVETTO
12359,LODI - CORVETTO
19912,COMASINA
16799,COMASINA
19630,BOVISASCA
19892,BOVISASCA
19802,BOVISASCA
11027,BOVISASCA
19633,BOVISASCA
18154,QUARTO OGGIARO - VIALBA - MUSOCCO
19488,QUARTO OGGIARO - VIALBA - MUSOCCO
18151,QUARTO OGGIARO - VIALBA - MUSOCCO
10728,QUARTO OGGIARO - VIALBA - MUSOCCO
18149,STEPHENSON
17982,MAGGIORE - MUSOCCO - CERTOSA
18148,MAGGIORE - MUSOCCO - CERTOSA
17935,MAGGIORE - MUSOCCO - CERTOSA
18145,MAGGIORE - MUSOCCO - CERTOSA
17931,MAGGIORE - MUSOCCO - CERTOSA
18143,MAGGIORE - MUSOCCO - CERTOSA
15615,MAGGIORE - MUSOCCO - CERTOSA
11051,COMASINA
11048,COMASINA
11045,COMASINA
14981,COMASINA
11039,COMASINA
15614,MAGGIORE - MUSOCCO - CERTOSA
17948,MAGGIORE - MUSOCCO - CERTOSA
17930,MAGGIORE - MUSOCCO - CERTOSA
18144,MAGGIORE - MUSOCCO - CERTOSA
18146,MAGGIORE - MUSOCCO - CERTOSA
18147,MAGGIORE - MUSOCCO - CERTOSA
17938,MAGGIORE - MUSOCCO - CERTOSA
17939,STEPHENSON
10726,QUARTO OGGIARO - VIALBA - MUSOCCO
18150,QUARTO OGGIARO - VIALBA - MUSOCCO
18152,QUARTO OGGIARO - VIALBA - MUSOCCO
18153,QUARTO OGGIARO - VIALBA - MUSOCCO
19627,BOVISASCA
19800,BOVISASCA
19801,BOVISASCA
19891,BOVISASCA
19629,BOVISASCA
16800,BOVISASCA
15905,COMASINA
14967,BRUZZANO
11384,COMASINA
11042,BOVISASCA
11041,BOVISASCA
11036,COMASINA
14982,COMASINA
11044,COMASINA
11046,COMASINA
11371,COMASINA
10193,RONCHETTO SUL NAVIGLIO - Q.RE LODOVICO IL MORO
10194,RONCHETTO SUL NAVIGLIO - Q.RE LODOVICO IL MORO
12930,PARCO FORLANINI - CAVRIANO
12861,PARCO FORLANINI - CAVRIANO
12859,LAMBRATE - ORTICA
12688,LAMBRATE - ORTICA
12679,LAMBRATE - ORTICA
12675,CITTA' STUDI
12459,CITTA' STUDI
19780,CITTA' STUDI
12436,CITTA' STUDI
12433,CITTA' STUDI
17502,CITTA' STUDI
12441,CITTA' STUDI
12447,CITTA' STUDI
12458,CITTA' STUDI
12674,CITTA' STUDI
14286,LAMBRATE - ORTICA
12687,LAMBRATE - ORTICA
12858,LAMBRATE - ORTICA
12860,PARCO FORLANINI - CAVRIANO
18094,PARCO FORLANINI - CAVRIANO
17585,LORETO - CASORETTO - NOLO
12484,LORETO - CASORETTO - NOLO
12483,BUENOS AIRES - PORTA VENEZIA - PORTA MONFORTE
12481,BUENOS AIRES - PORTA VENEZIA - PORTA MONFORTE
12495,CITTA' STUDI
12506,CITTA' STUDI
12713,CITTA' STUDI
12716,LAMBRATE - ORTICA
12719,LAMBRATE - ORTICA
19615,LAMBRATE - ORTICA
19613,LAMBRATE - ORTICA
19616,LAMBRATE - ORTICA
12691,LAMBRATE - ORTICA
12855,LAMBRATE - ORTICA
12856,LAMBRATE - ORTICA
12694,LAMBRATE - ORTICA
12857,LAMBRATE - ORTICA
12865,LAMBRATE - ORTICA
12867,LAMBRATE - ORTICA
12693,LAMBRATE - ORTICA
12692,LAMBRATE - ORTICA
12689,LAMBRATE - ORTICA
12684,LAMBRATE - ORTICA
12720,LAMBRATE - ORTICA
12723,LAMBRATE - ORTICA
12715,LAMBRATE - ORTICA
12507,CITTA' STUDI
12500,CITTA' STUDI
12475,BUENOS AIRES - PORTA VENEZIA - PORTA MONFORTE
12227,BUENOS AIRES - PORTA VENEZIA - PORTA MONFORTE
12868,LAMBRATE - ORTICA
12866,LAMBRATE - ORTICA
12864,LAMBRATE - ORTICA
15155,LAMBRATE - ORTICA
15581,NIGUARDA - CA GRANDA - PRATO CENTENARO - Q.RE FULVIO TESTI
15429,NIGUARDA - CA GRANDA - PRATO CENTENARO - Q.RE FULVIO TESTI
15397,NIGUARDA - CA GRANDA - PRATO CENTENARO - Q.RE FULVIO TESTI
15395,NIGUARDA - CA GRANDA - PRATO CENTENARO - Q.RE FULVIO TESTI
15393,NIGUARDA - CA GRANDA - PRATO CENTENARO - Q.RE FULVIO TESTI
15391,NIGUARDA - CA GRANDA - PRATO CENTENARO - Q.RE FULVIO TESTI
15389,MACIACHINI - MAGGIOLINA
15387,DERGANO
15385,DERGANO
15533,DERGANO
15384,DERGANO
15386,MACIACHINI - MAGGIOLINA
15388,MACIACHINI - MAGGIOLINA
15390,NIGUARDA - CA GRANDA - PRATO CENTENARO - Q.RE FULVIO TESTI
15392,NIGUARDA - CA GRANDA - PRATO CENTENARO - Q.RE FULVIO TESTI
15394,NIGUARDA - CA GRANDA - PRATO CENTENARO - Q.RE FULVIO TESTI
15396,NIGUARDA - CA GRANDA - PRATO CENTENARO - Q.RE FULVIO TESTI
15398,NIGUARDA - CA GRANDA - PRATO CENTENARO - Q.RE FULVIO TESTI
11618,ISOLA
16961,DUOMO
17826,DUOMO
17144,NIGUARDA - CA GRANDA - PRATO CENTENARO - Q.RE FULVIO TESTI
11698,PARCO NORD
11695,PARCO NORD
11393,BRUZZANO
11391,BRUZZANO
11390,BRUZZANO
11389,BRUZZANO
11383,BRUZZANO
11381,BRUZZANO
10743,QUARTO OGGIARO - VIALBA - MUSOCCO
10739,QUARTO OGGIARO - VIALBA - MUSOCCO
10738,QUARTO OGGIARO - VIALBA - MUSOCCO
10496,QUARTO OGGIARO - VIALBA - MUSOCCO
10492,QUARTO OGGIARO - VIALBA - MUSOCCO
10490,QUARTO OGGIARO - VIALBA - MUSOCCO
10486,QUARTO OGGIARO - VIALBA - MUSOCCO
10487,QUARTO OGGIARO - VIALBA - MUSOCCO
10475,QUARTO OGGIARO - VIALBA - MUSOCCO
15583,QUARTO OGGIARO - VIALBA - MUSOCCO
14979,VILLAPIZZONE - CAGNOLA - BOLDINASCO
10468,VILLAPIZZONE - CAGNOLA - BOLDINASCO
10478,VILLAPIZZONE - CAGNOLA - BOLDINASCO
10459,MAGGIORE - MUSOCCO - CERTOSA
10455,MAGGIORE - MUSOCCO - CERTOSA
15131,MAGGIORE - MUSOCCO - CERTOSA
10309,MAGGIORE - MUSOCCO - CERTOSA
10301,MAGGIORE - MUSOCCO - CERTOSA
10312,MAGGIORE - MUSOCCO - CERTOSA
10451,MAGGIORE - MUSOCCO - CERTOSA
10443,Q.RE GALLARATESE - Q.RE SAN LEONARDO - LAMPUGNANO
10442,Q.RE GALLARATESE - Q.RE SAN LEONARDO - LAMPUGNANO
10438,Q.RE GALLARATESE - Q.RE SAN LEONARDO - LAMPUGNANO
10291,Q.RE GALLARATESE - Q.RE SAN LEONARDO - LAMPUGNANO
10285,Q.RE GALLARATESE - Q.RE SAN LEONARDO - LAMPUGNANO
10284,Q.RE GALLARATESE - Q.RE SAN LEONARDO - LAMPUGNANO
10113,Q.RE GALLARATESE - Q.RE SAN LEONARDO - LAMPUGNANO
10286,Q.RE GALLARATESE - Q.RE SAN LEONARDO - LAMPUGNANO
10290,Q.RE GALLARATESE - Q.RE SAN LEONARDO - LAMPUGNANO
10437,Q.RE GALLARATESE - Q.RE SAN LEONARDO - LAMPUGNANO
10441,Q.RE GALLARATESE - Q.RE SAN LEONARDO - LAMPUGNANO
10446,MAGGIORE - MUSOCCO - CERTOSA
10452,MAGGIORE - MUSOCCO - CERTOSA
10313,MAGGIORE - MUSOCCO - CERTOSA
10302,MAGGIORE - MUSOCCO - CERTOSA
10306,MAGGIORE - MUSOCCO - CERTOSA
15132,MAGGIORE - MUSOCCO - CERTOSA
10454,MAGGIORE - MUSOCCO - CERTOSA
10460,MAGGIORE - MUSOCCO - CERTOSA
10479,VILLAPIZZONE - CAGNOLA - BOLDINASCO
10482,VILLAPIZZONE - CAGNOLA - BOLDINASCO
14980,VILLAPIZZONE - CAGNOLA - BOLDINASCO
15778,QUARTO OGGIARO - VIALBA - MUSOCCO
10476,QUARTO OGGIARO - VIALBA - MUSOCCO
10477,QUARTO OGGIARO - VIALBA - MUSOCCO
10488,QUARTO OGGIARO - VIALBA - MUSOCCO
10489,QUARTO OGGIARO - VIALBA - MUSOCCO
10491,QUARTO OGGIARO - VIALBA - MUSOCCO
10495,QUARTO OGGIARO - VIALBA - MUSOCCO
10737,QUARTO OGGIARO - VIALBA - MUSOCCO
10740,QUARTO OGGIARO - VIALBA - MUSOCCO
10746,QUARTO OGGIARO - VIALBA - MUSOCCO
11375,AFFORI
16058,BRUZZANO
11382,BRUZZANO
11394,BRUZZANO
11696,PARCO NORD
15777,NIGUARDA - CA GRANDA - PRATO CENTENARO - Q.RE FULVIO TESTI
19634,NIGUARDA - CA GRANDA - PRATO CENTENARO - Q.RE FULVIO TESTI
11372,AFFORI
17586,COMASINA
14858,COMASINA
11038,BOVISASCA
13127,BOVISASCA
13128,BOVISASCA
11035,BOVISASCA
11040,BOVISASCA
11028,BOVISASCA
11032,BOVISASCA
11043,BOVISASCA
16846,BOVISASCA
13137,COMASINA
11049,COMASINA
11054,COMASINA
11052,COMASINA
11053,COMASINA
19635,NIGUARDA - CA GRANDA - PRATO CENTENARO - Q.RE FULVIO TESTI
12305,NIGUARDA - CA GRANDA - PRATO CENTENARO - Q.RE FULVIO TESTI
12303,NIGUARDA - CA GRANDA - PRATO CENTENARO - Q.RE FULVIO TESTI
12008,NIGUARDA - CA GRANDA - PRATO CENTENARO - Q.RE FULVIO TESTI
12002,NIGUARDA - CA GRANDA - PRATO CENTENARO - Q.RE FULVIO TESTI
12001,NIGUARDA - CA GRANDA - PRATO CENTENARO - Q.RE FULVIO TESTI
11998,NIGUARDA - CA GRANDA - PRATO CENTENARO - Q.RE FULVIO TESTI
11994,NIGUARDA - CA GRANDA - PRATO CENTENARO - Q.RE FULVIO TESTI
15414,NIGUARDA - CA GRANDA - PRATO CENTENARO - Q.RE FULVIO TESTI
11965,NIGUARDA - CA GRANDA - PRATO CENTENARO - Q.RE FULVIO TESTI
11971,NIGUARDA - CA GRANDA - PRATO CENTENARO - Q.RE FULVIO TESTI
11983,NIGUARDA - CA GRANDA - PRATO CENTENARO - Q.RE FULVIO TESTI
11981,NIGUARDA - CA GRANDA - PRATO CENTENARO - Q.RE FULVIO TESTI
11976,NIGUARDA - CA GRANDA - PRATO CENTENARO - Q.RE FULVIO TESTI
11969,NIGUARDA - CA GRANDA - PRATO CENTENARO - Q.RE FULVIO TESTI
11954,NIGUARDA - CA GRANDA - PRATO CENTENARO - Q.RE FULVIO TESTI
11951,MACIACHINI - MAGGIOLINA
11955,MACIACHINI - MAGGIOLINA
11960,MACIACHINI - MAGGIOLINA
11927,MACIACHINI - MAGGIOLINA
11941,MACIACHINI - MAGGIOLINA
11937,STAZIONE CENTRALE - PONTE SEVESO
11921,STAZIONE CENTRALE - PONTE SEVESO
11939,STAZIONE CENTRALE - PONTE SEVESO
11942,MACIACHINI - MAGGIOLINA
11962,MACIACHINI - MAGGIOLINA
11959,MACIACHINI - MAGGIOLINA
11957,MACIACHINI - MAGGIOLINA
11952,MACIACHINI - MAGGIOLINA
11953,NIGUARDA - CA GRANDA - PRATO CENTENARO - Q.RE FULVIO TESTI
11975,NIGUARDA - CA GRANDA - PRATO CENTENARO - Q.RE FULVIO TESTI
11980,NIGUARDA - CA GRANDA - PRATO CENTENARO - Q.RE FULVIO TESTI
11982,NIGUARDA - CA GRANDA - PRATO CENTENARO - Q.RE FULVIO TESTI
11967,NIGUARDA - CA GRANDA - PRATO CENTENARO - Q.RE FULVIO TESTI
11997,NIGUARDA - CA GRANDA - PRATO CENTENARO - Q.RE FULVIO TESTI
11999,NIGUARDA - CA GRANDA - PRATO CENTENARO - Q.RE FULVIO TESTI
12000,NIGUARDA - CA GRANDA - PRATO CENTENARO - Q.RE FULVIO TESTI
12003,NIGUARDA - CA GRANDA - PRATO CENTENARO - Q.RE FULVIO TESTI
12006,NIGUARDA - CA GRANDA - PRATO CENTENARO - Q.RE FULVIO TESTI
12009,NIGUARDA - CA GRANDA - PRATO CENTENARO - Q.RE FULVIO TESTI
12304,NIGUARDA - CA GRANDA - PRATO CENTENARO - Q.RE FULVIO TESTI
17530,STADIO - IPPODROMI
10267,STADIO - IPPODROMI
10084,PARCO BOSCO IN CITTA'
10073,QUINTO ROMANO
10072,QUINTO ROMANO
15534,QUINTO ROMANO
15101,QUINTO ROMANO
15102,QUINTO ROMANO
15103,PARCO BOSCO IN CITTA'
17301,PARCO BOSCO IN CITTA'
15109,MONCUCCO - SAN CRISTOFORO
10033,PARCO BOSCO IN CITTA'
17300,PARCO BOSCO IN CITTA'
15120,PARCO BOSCO IN CITTA'
10178,QUINTO ROMANO
10182,QUINTO ROMANO
15535,QUINTO ROMANO
10071,QUINTO ROMANO
10074,QUINTO ROMANO
10076,PARCO BOSCO IN CITTA'
10249,STADIO - IPPODROMI
10252,STADIO - IPPODROMI
10258,STADIO - IPPODROMI
16996,STADIO - IPPODROMI
16997,STADIO - IPPODROMI
10032,PARCO BOSCO IN CITTA'
15100,Q.RE GALLARATESE - Q.RE SAN LEONARDO - LAMPUGNANO
12269,GRECO - SEGNANO
12276,GRECO - SEGNANO
15845,GRECO - SEGNANO
12267,GRECO - SEGNANO
12266,GRECO - SEGNANO
12234,MACIACHINI - MAGGIOLINA
11933,MACIACHINI - MAGGIOLINA
11919,MACIACHINI - MAGGIOLINA
11908,ISOLA
11607,PORTA GARIBALDI - PORTA NUOVA
11605,PORTA GARIBALDI - PORTA NUOVA
12988,BRERA
12989,BRERA
11562,BRERA
19661,BRERA
11593,BRERA
11565,SARPI
11310,SARPI
11303,SARPI
11298,SARPI
11295,SARPI
11288,SARPI
11285,SARPI
10962,SARPI
10954,SARPI
10956,SARPI
10986,GHISOLFA
10993,SARPI
10958,SARPI
10963,SARPI
11286,SARPI
11293,SARPI
11299,SARPI
11304,SARPI
11307,SARPI
11580,BRERA
11592,BRERA
11551,BRERA
11556,BRERA
11561,BRERA
11563,BRERA
11861,PORTA GARIBALDI - PORTA NUOVA
11606,PORTA GARIBALDI - PORTA NUOVA
11875,PORTA GARIBALDI - PORTA NUOVA
11911,ISOLA
11932,MACIACHINI - MAGGIOLINA
11940,MACIACHINI - MAGGIOLINA
12265,GRECO - SEGNANO
12268,GRECO - SEGNANO
16353,FORZE ARMATE
10164,BAGGIO - Q.RE DEGLI OLMI - Q.RE VALSESIA
10152,BAGGIO - Q.RE DEGLI OLMI - Q.RE VALSESIA
10141,BAGGIO - Q.RE DEGLI OLMI - Q.RE VALSESIA
16355,PARCO BOSCO IN CITTA'
13806,BAGGIO - Q.RE DEGLI OLMI - Q.RE VALSESIA
10151,BAGGIO - Q.RE DEGLI OLMI - Q.RE VALSESIA
10166,BAGGIO - Q.RE DEGLI OLMI - Q.RE VALSESIA
15930,PADOVA - TURRO - CRESCENZAGO
12543,GORLA - PRECOTTO
12547,GORLA - PRECOTTO
12551,GORLA - PRECOTTO
12572,GORLA - PRECOTTO
12784,GORLA - PRECOTTO
12762,GORLA - PRECOTTO
12768,PADOVA - TURRO - CRESCENZAGO
12776,PADOVA - TURRO - CRESCENZAGO
12779,PADOVA - TURRO - CRESCENZAGO
12875,PADOVA - TURRO - CRESCENZAGO
12882,PADOVA - TURRO - CRESCENZAGO
12884,PADOVA - TURRO - CRESCENZAGO
12898,ADRIANO
12899,CIMIANO - ROTTOLE - Q.RE FELTRE
12885,PADOVA - TURRO - CRESCENZAGO
12883,PADOVA - TURRO - CRESCENZAGO
12874,PADOVA - TURRO - CRESCENZAGO
12778,PADOVA - TURRO - CRESCENZAGO
12777,PADOVA - TURRO - CRESCENZAGO
12769,PADOVA - TURRO - CRESCENZAGO
12788,GORLA - PRECOTTO
12553,GORLA - PRECOTTO
12550,GORLA - PRECOTTO
12548,GORLA - PRECOTTO
12568,GORLA - PRECOTTO
12557,GORLA - PRECOTTO
15835,PADOVA - TURRO - CRESCENZAGO
17961,CITTA' STUDI
12627,TALIEDO - MORSENCHIO - Q.RE FORLANINI
12626,TALIEDO - MORSENCHIO - Q.RE FORLANINI
12623,TALIEDO - MORSENCHIO - Q.RE FORLANINI
12622,ORTOMERCATO
12609,LODI - CORVETTO
12610,TALIEDO - MORSENCHIO - Q.RE FORLANINI
15309,MONLUE' - PONTE LAMBRO
15967,MONLUE' - PONTE LAMBRO
15310,MONLUE' - PONTE LAMBRO
12812,TRIULZO SUPERIORE
15311,MONLUE' - PONTE LAMBRO
15959,MONLUE' - PONTE LAMBRO
12611,TALIEDO - MORSENCHIO - Q.RE FORLANINI
12608,TALIEDO - MORSENCHIO - Q.RE FORLANINI
12621,TALIEDO - MORSENCHIO - Q.RE FORLANINI
12987,TALIEDO - MORSENCHIO - Q.RE FORLANINI
12625,TALIEDO - MORSENCHIO - Q.RE FORLANINI
12628,TALIEDO - MORSENCHIO - Q.RE FORLANINI
16735,CANTALUPA
17431,STADERA - CHIESA ROSSA - Q.RE TORRETTA - CONCA FALLATA
17432,STADERA - CHIESA ROSSA - Q.RE TORRETTA - CONCA FALLATA
17433,STADERA - CHIESA ROSSA - Q.RE TORRETTA - CONCA FALLATA
17718,STADERA - CHIESA ROSSA - Q.RE TORRETTA - CONCA FALLATA
17719,STADERA - CHIESA ROSSA - Q.RE TORRETTA - CONCA FALLATA
17720,STADERA - CHIESA ROSSA - Q.RE TORRETTA - CONCA FALLATA
15602,MONCUCCO - SAN CRISTOFORO
19381,STADERA - CHIESA ROSSA - Q.RE TORRETTA - CONCA FALLATA
18534,STADERA - CHIESA ROSSA - Q.RE TORRETTA - CONCA FALLATA
17602,PORTA TICINESE - CONCHETTA
10812,MONCUCCO - SAN CRISTOFORO
10810,MONCUCCO - SAN CRISTOFORO
10535,MONCUCCO - SAN CRISTOFORO
10533,MONCUCCO - SAN CRISTOFORO
10796,MONCUCCO - SAN CRISTOFORO
10798,MONCUCCO - SAN CRISTOFORO
10760,RONCHETTO SUL NAVIGLIO - Q.RE LODOVICO IL MORO
10505,RONCHETTO SUL NAVIGLIO - Q.RE LODOVICO IL MORO
10501,RONCHETTO SUL NAVIGLIO - Q.RE LODOVICO IL MORO
10521,RONCHETTO SUL NAVIGLIO - Q.RE LODOVICO IL MORO
10511,RONCHETTO SUL NAVIGLIO - Q.RE LODOVICO IL MORO
10514,RONCHETTO SUL NAVIGLIO - Q.RE LODOVICO IL MORO
10515,RONCHETTO SUL NAVIGLIO - Q.RE LODOVICO IL MORO
10517,RONCHETTO SUL NAVIGLIO - Q.RE LODOVICO IL MORO
17463,RONCHETTO SUL NAVIGLIO - Q.RE LODOVICO IL MORO
16313,RONCHETTO SUL NAVIGLIO - Q.RE LODOVICO IL MORO
16314,GIAMBELLINO
17465,FORZE ARMATE
16316,GIAMBELLINO
18126,RONCHETTO SUL NAVIGLIO - Q.RE LODOVICO IL MORO
10516,RONCHETTO SUL NAVIGLIO - Q.RE LODOVICO IL MORO
10513,RONCHETTO SUL NAVIGLIO - Q.RE LODOVICO IL MORO
17583,RONCHETTO SUL NAVIGLIO - Q.RE LODOVICO IL MORO
10512,RONCHETTO SUL NAVIGLIO - Q.RE LODOVICO IL MORO
10500,RONCHETTO SUL NAVIGLIO - Q.RE LODOVICO IL MORO
10509,RONCHETTO SUL NAVIGLIO - Q.RE LODOVICO IL MORO
10764,RONCHETTO SUL NAVIGLIO - Q.RE LODOVICO IL MORO
10799,MONCUCCO - SAN CRISTOFORO
10797,MONCUCCO - SAN CRISTOFORO
10532,MONCUCCO - SAN CRISTOFORO
10534,MONCUCCO - SAN CRISTOFORO
10809,MONCUCCO - SAN CRISTOFORO
10813,MONCUCCO - SAN CRISTOFORO
11149,PORTA TICINESE - CONCHETTA
11156,PORTA TICINESE - CONCHETTA
11189,PORTA TICINESE - CONCHETTA
11188,PORTA TICINESE - CONCHETTA
17601,PORTA TICINESE - CONCHETTA
10654,DE ANGELI - MONTE ROSA
10662,QT 8
10679,VILLAPIZZONE - CAGNOLA - BOLDINASCO
17775,VILLAPIZZONE - CAGNOLA - BOLDINASCO
10684,VILLAPIZZONE - CAGNOLA - BOLDINASCO
10687,VILLAPIZZONE - CAGNOLA - BOLDINASCO
10691,VILLAPIZZONE - CAGNOLA - BOLDINASCO
10696,VILLAPIZZONE - CAGNOLA - BOLDINASCO
10018,SARPI
10940,PORTELLO
10938,PORTELLO
10936,PORTELLO
10669,DE ANGELI - MONTE ROSA
17532,DE ANGELI - MONTE ROSA
10333,GIAMBELLINO
10334,GIAMBELLINO
10332,LORENTEGGIO
10348,LORENTEGGIO
10346,LORENTEGGIO
10345,LORENTEGGIO
10216,LORENTEGGIO
10239,FORZE ARMATE
10238,FORZE ARMATE
10232,FORZE ARMATE
10231,FORZE ARMATE
15051,FORZE ARMATE
15052,FORZE ARMATE
17534,FORZE ARMATE
10255,QUARTO CAGNINO
10247,QUARTO CAGNINO
10085,QUARTO CAGNINO
15228,QUARTO CAGNINO
15229,QUARTO CAGNINO
10078,QUARTO CAGNINO
10081,QUARTO CAGNINO
10083,QUARTO CAGNINO
10242,QUARTO CAGNINO
10243,QUARTO CAGNINO
10254,STADIO - IPPODROMI
17531,STADIO - IPPODROMI
16998,STADIO - IPPODROMI
10398,STADIO - IPPODROMI
10400,STADIO - IPPODROMI
10406,STADIO - IPPODROMI
10410,SAN SIRO
10419,SAN SIRO
10606,SAN SIRO
10617,SAN SIRO
10620,SAN SIRO
10651,DE ANGELI - MONTE ROSA
10616,SAN SIRO
10427,SAN SIRO
10421,SAN SIRO
10411,SAN SIRO
10405,STADIO - IPPODROMI
10401,STADIO - IPPODROMI
10399,STADIO - IPPODROMI
10390,STADIO - IPPODROMI
10244,QUARTO CAGNINO
10089,QUARTO CAGNINO
10082,QUARTO CAGNINO
10080,QUARTO CAGNINO
10077,QUARTO CAGNINO
10087,QUARTO CAGNINO
10086,QUARTO CAGNINO
10246,QUARTO CAGNINO
10250,FORZE ARMATE
17535,FORZE ARMATE
14184,FORZE ARMATE
10224,FORZE ARMATE
10228,FORZE ARMATE
10230,FORZE ARMATE
10234,FORZE ARMATE
10233,FORZE ARMATE
10237,FORZE ARMATE
10217,LORENTEGGIO
10344,LORENTEGGIO
10343,LORENTEGGIO
10347,LORENTEGGIO
10328,LORENTEGGIO
10331,GIAMBELLINO
17142,NIGUARDA - CA GRANDA - PRATO CENTENARO - Q.RE FULVIO TESTI
11664,NIGUARDA - CA GRANDA - PRATO CENTENARO - Q.RE FULVIO TESTI
11963,NIGUARDA - CA GRANDA - PRATO CENTENARO - Q.RE FULVIO TESTI
11966,NIGUARDA - CA GRANDA - PRATO CENTENARO - Q.RE FULVIO TESTI
11972,NIGUARDA - CA GRANDA - PRATO CENTENARO - Q.RE FULVIO TESTI
11909,MACIACHINI - MAGGIOLINA
11925,MACIACHINI - MAGGIOLINA
11936,STAZIONE CENTRALE - PONTE SEVESO
12413,BUENOS AIRES - PORTA VENEZIA - PORTA MONFORTE
12423,BUENOS AIRES - PORTA VENEZIA - PORTA MONFORTE
12438,CITTA' STUDI
12443,CITTA' STUDI
12460,CITTA' STUDI
12677,CITTA' STUDI
12678,CITTA' STUDI
12676,CITTA' STUDI
12461,CITTA' STUDI
12450,CITTA' STUDI
12437,CITTA' STUDI
12422,CITTA' STUDI
12412,BUENOS AIRES - PORTA VENEZIA - PORTA MONFORTE
12168,BUENOS AIRES - PORTA VENEZIA - PORTA MONFORTE
11890,STAZIONE CENTRALE - PONTE SEVESO
11938,STAZIONE CENTRALE - PONTE SEVESO
15612,MACIACHINI - MAGGIOLINA
11910,MACIACHINI - MAGGIOLINA
11974,NIGUARDA - CA GRANDA - PRATO CENTENARO - Q.RE FULVIO TESTI
11968,NIGUARDA - CA GRANDA - PRATO CENTENARO - Q.RE FULVIO TESTI
11964,NIGUARDA - CA GRANDA - PRATO CENTENARO - Q.RE FULVIO TESTI
11672,NIGUARDA - CA GRANDA - PRATO CENTENARO - Q.RE FULVIO TESTI
15412,NIGUARDA - CA GRANDA - PRATO CENTENARO - Q.RE FULVIO TESTI
10197,LORENTEGGIO
10201,LORENTEGGIO
10326,LORENTEGGIO
10351,LORENTEGGIO
18142,LORENTEGGIO
17659,LORENTEGGIO
17660,BANDE NERE
10541,BANDE NERE
10549,BANDE NERE
10559,BANDE NERE
10562,BANDE NERE
10821,BANDE NERE
17801,PORTA MAGENTA
10598,PORTA MAGENTA
10863,PORTA MAGENTA
10877,PORTA MAGENTA
10889,PORTA MAGENTA
11205,MAGENTA - S.VITTORE
17753,MAGENTA - S.VITTORE
18026,MAGENTA - S.VITTORE
17233,MAGENTA - S.VITTORE
17755,MAGENTA - S.VITTORE
19617,MAGENTA - S.VITTORE
11209,MAGENTA - S.VITTORE
10895,PORTA MAGENTA
10887,PORTA MAGENTA
10878,PORTA MAGENTA
10865,PORTA MAGENTA
10599,PORTA MAGENTA
10594,BANDE NERE
10597,PORTA MAGENTA
10829,BANDE NERE
10822,BANDE NERE
10558,BANDE NERE
18074,BANDE NERE
10542,BANDE NERE
10369,BANDE NERE
17661,LORENTEGGIO
10356,LORENTEGGIO
17798,LORENTEGGIO
10350,LORENTEGGIO
10324,LORENTEGGIO
10195,LORENTEGGIO
12949,PADOVA - TURRO - CRESCENZAGO
12950,PADOVA - TURRO - CRESCENZAGO
12789,ADRIANO
12791,ADRIANO
12787,ADRIANO
12573,GORLA - PRECOTTO
12570,GORLA - PRECOTTO
12567,GORLA - PRECOTTO
12951,BICOCCA
12952,BICOCCA
12953,BICOCCA
17359,ISOLA
18465,ISOLA
12945,BICOCCA
12946,BICOCCA
15928,BICOCCA
12947,BICOCCA
12566,GORLA - PRECOTTO
12569,GORLA - PRECOTTO
12571,GORLA - PRECOTTO
12786,GORLA - PRECOTTO
12785,GORLA - PRECOTTO
12765,PADOVA - TURRO - CRESCENZAGO
17439,BRUZZANO
11388,BRUZZANO
17690,BRUZZANO
11386,BRUZZANO
11380,BRUZZANO
11678,BRUZZANO
16796,NIGUARDA - CA GRANDA - PRATO CENTENARO - Q.RE FULVIO TESTI
15424,BICOCCA
15425,BICOCCA
15426,BICOCCA
15427,BICOCCA
12285,BICOCCA
12004,NIGUARDA - CA GRANDA - PRATO CENTENARO - Q.RE FULVIO TESTI
17334,NIGUARDA - CA GRANDA - PRATO CENTENARO - Q.RE FULVIO TESTI
17335,NIGUARDA - CA GRANDA - PRATO CENTENARO - Q.RE FULVIO TESTI
11689,NIGUARDA - CA GRANDA - PRATO CENTENARO - Q.RE FULVIO TESTI
11693,NIGUARDA - CA GRANDA - PRATO CENTENARO - Q.RE FULVIO TESTI
11677,BRUZZANO
11387,BRUZZANO
17437,BRUZZANO
17438,BRUZZANO
17440,BRUZZANO
16665,Q.RE GALLARATESE - Q.RE SAN LEONARDO - LAMPUGNANO
13130,MAGGIORE - MUSOCCO - CERTOSA
13131,MAGGIORE - MUSOCCO - CERTOSA
13132,MAGGIORE - MUSOCCO - CERTOSA
13133,MAGGIORE - MUSOCCO - CERTOSA
17723,MAGGIORE - MUSOCCO - CERTOSA
17724,MAGGIORE - MUSOCCO - CERTOSA
13135,MAGGIORE - MUSOCCO - CERTOSA
13136,MAGGIORE - MUSOCCO - CERTOSA
16092,LAMBRATE - ORTICA
12732,CIMIANO - ROTTOLE - Q.RE FELTRE
12734,CIMIANO - ROTTOLE - Q.RE FELTRE
12758,PADOVA - TURRO - CRESCENZAGO
12773,PADOVA - TURRO - CRESCENZAGO
12790,ADRIANO
16850,ADRIANO
12793,ADRIANO
15306,ADRIANO
15821,ADRIANO
12982,ADRIANO
12983,ADRIANO
12886,ADRIANO
12891,ADRIANO
12904,ADRIANO
12901,ADRIANO
12805,ADRIANO
13889,ADRIANO
17995,ADRIANO
12806,ADRIANO
12902,ADRIANO
12903,ADRIANO
12890,ADRIANO
12887,ADRIANO
12880,ADRIANO
12801,ADRIANO
15636,ADRIANO
12794,ADRIANO
12792,ADRIANO
12759,PADOVA - TURRO - CRESCENZAGO
12755,PADOVA - TURRO - CRESCENZAGO
12733,CIMIANO - ROTTOLE - Q.RE FELTRE
12710,CITTA' STUDI
12724,LAMBRATE - ORTICA
12690,LAMBRATE - ORTICA
12685,LAMBRATE - ORTICA
12681,LAMBRATE - ORTICA
12667,CITTA' STUDI
12666,CORSICA
12456,CITTA' STUDI
19811,BUENOS AIRES - PORTA VENEZIA - PORTA MONFORTE
18494,BUENOS AIRES - PORTA VENEZIA - PORTA MONFORTE
12150,BUENOS AIRES - PORTA VENEZIA - PORTA MONFORTE
12138,BUENOS AIRES - PORTA VENEZIA - PORTA MONFORTE
17795,GUASTALLA
11847,GUASTALLA
11811,DUOMO
11801,DUOMO
11813,DUOMO
19903,GUASTALLA
11853,GUASTALLA
12128,GUASTALLA
12137,BUENOS AIRES - PORTA VENEZIA - PORTA MONFORTE
12142,BUENOS AIRES - PORTA VENEZIA - PORTA MONFORTE
18504,BUENOS AIRES - PORTA VENEZIA - PORTA MONFORTE
19812,BUENOS AIRES - PORTA VENEZIA - PORTA MONFORTE
12457,CORSICA
12680,LAMBRATE - ORTICA
12683,LAMBRATE - ORTICA
15582,LAMBRATE - ORTICA
12695,LAMBRATE - ORTICA
15274,LAMBRATE - ORTICA
14862,LAMBRATE - ORTICA
12725,LAMBRATE - ORTICA
12721,LAMBRATE - ORTICA
15488,CASCINA MERLATA
16651,TIBALDI
12728,CIMIANO - ROTTOLE - Q.RE FELTRE
12742,CIMIANO - ROTTOLE - Q.RE FELTRE
12749,CIMIANO - ROTTOLE - Q.RE FELTRE
12745,CIMIANO - ROTTOLE - Q.RE FELTRE
12539,CIMIANO - ROTTOLE - Q.RE FELTRE
12531,LORETO - CASORETTO - NOLO
12525,LORETO - CASORETTO - NOLO
12472,LORETO - CASORETTO - NOLO
12468,BUENOS AIRES - PORTA VENEZIA - PORTA MONFORTE
12212,LORETO - CASORETTO - NOLO
12228,BUENOS AIRES - PORTA VENEZIA - PORTA MONFORTE
12469,BUENOS AIRES - PORTA VENEZIA - PORTA MONFORTE
12470,LORETO - CASORETTO - NOLO
12511,LORETO - CASORETTO - NOLO
12515,LORETO - CASORETTO - NOLO
12530,LORETO - CASORETTO - NOLO
12537,LORETO - CASORETTO - NOLO
12730,CIMIANO - ROTTOLE - Q.RE FELTRE
12744,CIMIANO - ROTTOLE - Q.RE FELTRE
12743,CIMIANO - ROTTOLE - Q.RE FELTRE
12727,CIMIANO - ROTTOLE - Q.RE FELTRE
12872,CIMIANO - ROTTOLE - Q.RE FELTRE
12750,CIMIANO - ROTTOLE - Q.RE FELTRE
12752,CIMIANO - ROTTOLE - Q.RE FELTRE
12754,CIMIANO - ROTTOLE - Q.RE FELTRE
12753,CIMIANO - ROTTOLE - Q.RE FELTRE
12751,CIMIANO - ROTTOLE - Q.RE FELTRE
18105,CIMIANO - ROTTOLE - Q.RE FELTRE
18106,CIMIANO - ROTTOLE - Q.RE FELTRE
15490,PADOVA - TURRO - CRESCENZAGO
15258,PADOVA - TURRO - CRESCENZAGO
12795,ADRIANO
12775,PADOVA - TURRO - CRESCENZAGO
12767,PADOVA - TURRO - CRESCENZAGO
12761,PADOVA - TURRO - CRESCENZAGO
12757,PADOVA - TURRO - CRESCENZAGO
12549,PADOVA - TURRO - CRESCENZAGO
12748,PADOVA - TURRO - CRESCENZAGO
12527,LORETO - CASORETTO - NOLO
12524,LORETO - CASORETTO - NOLO
12200,BUENOS AIRES - PORTA VENEZIA - PORTA MONFORTE
12256,LORETO - CASORETTO - NOLO
12512,LORETO - CASORETTO - NOLO
12516,LORETO - CASORETTO - NOLO
12526,LORETO - CASORETTO - NOLO
12535,PADOVA - TURRO - CRESCENZAGO
12552,PADOVA - TURRO - CRESCENZAGO
12756,PADOVA - TURRO - CRESCENZAGO
12760,PADOVA - TURRO - CRESCENZAGO
12770,PADOVA - TURRO - CRESCENZAGO
12774,PADOVA - TURRO - CRESCENZAGO
12796,PADOVA - TURRO - CRESCENZAGO
12798,ADRIANO
12879,ADRIANO
13983,ADRIANO
12804,ADRIANO
12800,ADRIANO
16450,QT 8
10445,QT 8
16471,MAGGIORE - MUSOCCO - CERTOSA
16473,ROSERIO
16447,ROSERIO
16467,QUARTO OGGIARO - VIALBA - MUSOCCO
16449,MAGGIORE - MUSOCCO - CERTOSA
10444,QT 8
16521,ROSERIO
17394,BRERA
11531,PARCO SEMPIONE
11543,PARCO SEMPIONE
10980,GHISOLFA
10970,VILLAPIZZONE - CAGNOLA - BOLDINASCO
10695,VILLAPIZZONE - CAGNOLA - BOLDINASCO
10718,VILLAPIZZONE - CAGNOLA - BOLDINASCO
10711,VILLAPIZZONE - CAGNOLA - BOLDINASCO
10710,VILLAPIZZONE - CAGNOLA - BOLDINASCO
10704,VILLAPIZZONE - CAGNOLA - BOLDINASCO
10729,QUARTO OGGIARO - VIALBA - MUSOCCO
10485,QUARTO OGGIARO - VIALBA - MUSOCCO
10493,QUARTO OGGIARO - VIALBA - MUSOCCO
16715,QUARTO OGGIARO - VIALBA - MUSOCCO
16716,QUARTO OGGIARO - VIALBA - MUSOCCO
10744,QUARTO OGGIARO - VIALBA - MUSOCCO
10730,QUARTO OGGIARO - VIALBA - MUSOCCO
10732,QUARTO OGGIARO - VIALBA - MUSOCCO
10734,QUARTO OGGIARO - VIALBA - MUSOCCO
16713,QUARTO OGGIARO - VIALBA - MUSOCCO
16714,QUARTO OGGIARO - VIALBA - MUSOCCO
10733,QUARTO OGGIARO - VIALBA - MUSOCCO
10731,QUARTO OGGIARO - VIALBA - MUSOCCO
10745,QUARTO OGGIARO - VIALBA - MUSOCCO
16717,QUARTO OGGIARO - VIALBA - MUSOCCO
16718,QUARTO OGGIARO - VIALBA - MUSOCCO
10494,QUARTO OGGIARO - VIALBA - MUSOCCO
10484,QUARTO OGGIARO - VIALBA - MUSOCCO
10483,QUARTO OGGIARO - VIALBA - MUSOCCO
10706,VILLAPIZZONE - CAGNOLA - BOLDINASCO
10709,VILLAPIZZONE - CAGNOLA - BOLDINASCO
10715,VILLAPIZZONE - CAGNOLA - BOLDINASCO
10719,VILLAPIZZONE - CAGNOLA - BOLDINASCO
11564,SARPI
11534,PARCO SEMPIONE
17393,BRERA
16709,QUARTO OGGIARO - VIALBA - MUSOCCO
16710,QUARTO OGGIARO - VIALBA - MUSOCCO
16719,QUARTO OGGIARO - VIALBA - MUSOCCO
16757,DUOMO
11272,DUOMO
10588,BANDE NERE
10582,BANDE NERE
10555,BANDE NERE
10546,BANDE NERE
10370,BANDE NERE
10366,BANDE NERE
17797,LORENTEGGIO
10352,LORENTEGGIO
10215,FORZE ARMATE
10206,FORZE ARMATE
10054,FORZE ARMATE
10053,FORZE ARMATE
10050,FORZE ARMATE
10048,BAGGIO - Q.RE DEGLI OLMI - Q.RE VALSESIA
10046,BAGGIO - Q.RE DEGLI OLMI - Q.RE VALSESIA
10136,BAGGIO - Q.RE DEGLI OLMI - Q.RE VALSESIA
10145,BAGGIO - Q.RE DEGLI OLMI - Q.RE VALSESIA
10144,BAGGIO - Q.RE DEGLI OLMI - Q.RE VALSESIA
16039,BAGGIO - Q.RE DEGLI OLMI - Q.RE VALSESIA
14189,BAGGIO - Q.RE DEGLI OLMI - Q.RE VALSESIA
10140,BAGGIO - Q.RE DEGLI OLMI - Q.RE VALSESIA
15828,BAGGIO - Q.RE DEGLI OLMI - Q.RE VALSESIA
10149,BAGGIO - Q.RE DEGLI OLMI - Q.RE VALSESIA
10155,BAGGIO - Q.RE DEGLI OLMI - Q.RE VALSESIA
10161,BAGGIO - Q.RE DEGLI OLMI - Q.RE VALSESIA
10135,BAGGIO - Q.RE DEGLI OLMI - Q.RE VALSESIA
10047,BAGGIO - Q.RE DEGLI OLMI - Q.RE VALSESIA
10049,BAGGIO - Q.RE DEGLI OLMI - Q.RE VALSESIA
10051,FORZE ARMATE
10052,FORZE ARMATE
10055,FORZE ARMATE
10207,FORZE ARMATE
10212,FORZE ARMATE
10371,FORZE ARMATE
10349,LORENTEGGIO
10353,LORENTEGGIO
10357,LORENTEGGIO
10360,LORENTEGGIO
10368,BANDE NERE
10538,BANDE NERE
10543,BANDE NERE
10554,BANDE NERE
10587,BANDE NERE
10593,BANDE NERE
11215,MAGENTA - S.VITTORE
17779,MAGENTA - S.VITTORE
11232,MAGENTA - S.VITTORE
13769,MONCUCCO - SAN CRISTOFORO
15527,STADERA - CHIESA ROSSA - Q.RE TORRETTA - CONCA FALLATA
15603,STADERA - CHIESA ROSSA - Q.RE TORRETTA - CONCA FALLATA
11125,STADERA - CHIESA ROSSA - Q.RE TORRETTA - CONCA FALLATA
11126,STADERA - CHIESA ROSSA - Q.RE TORRETTA - CONCA FALLATA
15457,TIBALDI
15458,TIBALDI
11154,MONCUCCO - SAN CRISTOFORO
11155,PORTA TICINESE - CONCHETTA
11157,PORTA TICINESE - CONCHETTA
11166,PORTA TICINESE - CONCA DEL NAVIGLIO
17375,PORTA TICINESE - CONCA DEL NAVIGLIO
11457,PORTA TICINESE - CONCA DEL NAVIGLIO
11466,PORTA VIGENTINA - PORTA LODOVICA
11439,PORTA VIGENTINA - PORTA LODOVICA
11470,PORTA VIGENTINA - PORTA LODOVICA
17376,PORTA TICINESE - CONCA DEL NAVIGLIO
11170,PORTA TICINESE - CONCA DEL NAVIGLIO
11161,PORTA TICINESE - CONCHETTA
11159,PORTA TICINESE - CONCHETTA
11158,TIBALDI
11153,TIBALDI
11121,MONCUCCO - SAN CRISTOFORO
11127,STADERA - CHIESA ROSSA - Q.RE TORRETTA - CONCA FALLATA
11120,STADERA - CHIESA ROSSA - Q.RE TORRETTA - CONCA FALLATA
11431,PORTA TICINESE - CONCA DEL NAVIGLIO
17380,PORTA TICINESE - CONCA DEL NAVIGLIO
17381,PORTA TICINESE - CONCA DEL NAVIGLIO
17341,ISOLA
11632,ISOLA
12985,ISOLA
11904,ISOLA
16053,STAZIONE CENTRALE - PONTE SEVESO
12178,BUENOS AIRES - PORTA VENEZIA - PORTA MONFORTE
12190,BUENOS AIRES - PORTA VENEZIA - PORTA MONFORTE
12148,BUENOS AIRES - PORTA VENEZIA - PORTA MONFORTE
12144,BUENOS AIRES - PORTA VENEZIA - PORTA MONFORTE
12110,XXII MARZO
18008,DUOMO
12112,XXII MARZO
12113,XXII MARZO
12149,BUENOS AIRES - PORTA VENEZIA - PORTA MONFORTE
12151,BUENOS AIRES - PORTA VENEZIA - PORTA MONFORTE
12153,BUENOS AIRES - PORTA VENEZIA - PORTA MONFORTE
12155,BUENOS AIRES - PORTA VENEZIA - PORTA MONFORTE
12202,BUENOS AIRES - PORTA VENEZIA - PORTA MONFORTE
12195,BUENOS AIRES - PORTA VENEZIA - PORTA MONFORTE
12186,BUENOS AIRES - PORTA VENEZIA - PORTA MONFORTE
12179,BUENOS AIRES - PORTA VENEZIA - PORTA MONFORTE
12173,STAZIONE CENTRALE - PONTE SEVESO
11881,STAZIONE CENTRALE - PONTE SEVESO
11905,ISOLA
11901,ISOLA
11633,ISOLA
12455,CITTA' STUDI
12452,CITTA' STUDI
12440,CITTA' STUDI
12434,CITTA' STUDI
17625,BUENOS AIRES - PORTA VENEZIA - PORTA MONFORTE
17626,BUENOS AIRES - PORTA VENEZIA - PORTA MONFORTE
12160,BUENOS AIRES - PORTA VENEZIA - PORTA MONFORTE
19815,BUENOS AIRES - PORTA VENEZIA - PORTA MONFORTE
11842,DUOMO
11846,GUASTALLA
11559,BRERA
11550,BRERA
11545,BRERA
11260,PAGANO
10929,PAGANO
10923,PAGANO
10921,PAGANO
10915,PAGANO
10879,PORTA MAGENTA
10871,PORTA MAGENTA
10867,PORTA MAGENTA
10864,PORTA MAGENTA
10834,PORTA MAGENTA
17768,PORTA MAGENTA
10835,PORTA MAGENTA
10862,PORTA MAGENTA
10866,PORTA MAGENTA
10872,PORTA MAGENTA
10873,PORTA MAGENTA
10880,PAGANO
10920,PAGANO
10922,PAGANO
10927,PAGANO
11549,BRERA
15741,BRERA
15820,BRERA
11834,BRERA
11844,GUASTALLA
11845,GUASTALLA
17653,BUENOS AIRES - PORTA VENEZIA - PORTA MONFORTE
17654,BUENOS AIRES - PORTA VENEZIA - PORTA MONFORTE
17315,BUENOS AIRES - PORTA VENEZIA - PORTA MONFORTE
17628,BUENOS AIRES - PORTA VENEZIA - PORTA MONFORTE
12426,CITTA' STUDI
12439,CITTA' STUDI
12445,CITTA' STUDI
12454,CITTA' STUDI
12462,CITTA' STUDI
12533,LORETO - CASORETTO - NOLO
15736,LORETO - CASORETTO - NOLO
12522,LORETO - CASORETTO - NOLO
12478,BUENOS AIRES - PORTA VENEZIA - PORTA MONFORTE
12430,BUENOS AIRES - PORTA VENEZIA - PORTA MONFORTE
16091,BUENOS AIRES - PORTA VENEZIA - PORTA MONFORTE
12170,BUENOS AIRES - PORTA VENEZIA - PORTA MONFORTE
12161,BUENOS AIRES - PORTA VENEZIA - PORTA MONFORTE
12152,BUENOS AIRES - PORTA VENEZIA - PORTA MONFORTE
12105,XXII MARZO
12102,XXII MARZO
12060,XXII MARZO
12050,PTA ROMANA
12047,PTA ROMANA
11784,PTA ROMANA
15296,PTA ROMANA
15441,PTA ROMANA
15297,PTA ROMANA
12046,PTA ROMANA
12049,PTA ROMANA
12055,PTA ROMANA
12058,XXII MARZO
12063,XXII MARZO
12104,XXII MARZO
12167,BUENOS AIRES - PORTA VENEZIA - PORTA MONFORTE
17255,BUENOS AIRES - PORTA VENEZIA - PORTA MONFORTE
12414,BUENOS AIRES - PORTA VENEZIA - PORTA MONFORTE
12479,BUENOS AIRES - PORTA VENEZIA - PORTA MONFORTE
12480,CITTA' STUDI
12482,BUENOS AIRES - PORTA VENEZIA - PORTA MONFORTE
12477,LORETO - CASORETTO - NOLO
12520,LORETO - CASORETTO - NOLO
12528,LORETO - CASORETTO - NOLO
10585,DE ANGELI - MONTE ROSA
10631,DE ANGELI - MONTE ROSA
10615,SAN SIRO
10605,SAN SIRO
10418,SAN SIRO
10408,SAN SIRO
10380,BANDE NERE
10377,FORZE ARMATE
10381,FORZE ARMATE
17620,FORZE ARMATE
15771,FORZE ARMATE
10062,FORZE ARMATE
14815,BAGGIO - Q.RE DEGLI OLMI - Q.RE VALSESIA
10160,BAGGIO - Q.RE DEGLI OLMI - Q.RE VALSESIA
13116,BAGGIO - Q.RE DEGLI OLMI - Q.RE VALSESIA
11621,ASSIANO
10024,MUGGIANO
10022,MUGGIANO
15558,MUGGIANO
19175,MUGGIANO
19174,MUGGIANO
19176,MUGGIANO
15559,MUGGIANO
10023,MUGGIANO
12934,ASSIANO
10163,BAGGIO - Q.RE DEGLI OLMI - Q.RE VALSESIA
10057,FORZE ARMATE
10061,FORZE ARMATE
10382,BANDE NERE
10376,BANDE NERE
17922,FORZE ARMATE
10403,SAN SIRO
10416,SAN SIRO
10424,SAN SIRO
10614,SAN SIRO
10623,SAN SIRO
10592,DE ANGELI - MONTE ROSA
10196,LORENTEGGIO
10364,BANDE NERE
10365,BANDE NERE
10361,BANDE NERE
10375,FORZE ARMATE
10396,BANDE NERE
10265,STADIO - IPPODROMI
16847,STADIO - IPPODROMI
10266,STADIO - IPPODROMI
10079,PARCO BOSCO IN CITTA'
10091,TRENNO
10093,TRENNO
10095,TRENNO
10098,Q.RE GALLARATESE - Q.RE SAN LEONARDO - LAMPUGNANO
10116,Q.RE GALLARATESE - Q.RE SAN LEONARDO - LAMPUGNANO
10115,Q.RE GALLARATESE - Q.RE SAN LEONARDO - LAMPUGNANO
10117,Q.RE GALLARATESE - Q.RE SAN LEONARDO - LAMPUGNANO
10097,TRENNO
10096,TRENNO
10094,TRENNO
10090,TRENNO
10092,TRENNO
10075,PARCO BOSCO IN CITTA'
18457,PARCO BOSCO IN CITTA'
16999,STADIO - IPPODROMI
10261,STADIO - IPPODROMI
10389,STADIO - IPPODROMI
10393,STADIO - IPPODROMI
10404,SAN SIRO
10378,BANDE NERE
10358,LORENTEGGIO
13155,GIAMBELLINO
11785,PTA ROMANA
12033,UMBRIA - MOLISE - CALVAIRATE
12037,LODI - CORVETTO
17567,SCALO ROMANA
17568,SCALO ROMANA
17569,SCALO ROMANA
17570,MORIVIONE
17572,MORIVIONE
11434,TIBALDI
11432,TIBALDI
11416,TIBALDI
11405,STADERA - CHIESA ROSSA - Q.RE TORRETTA - CONCA FALLATA
11403,STADERA - CHIESA ROSSA - Q.RE TORRETTA - CONCA FALLATA
14993,STADERA - CHIESA ROSSA - Q.RE TORRETTA - CONCA FALLATA
11401,STADERA - CHIESA ROSSA - Q.RE TORRETTA - CONCA FALLATA
11402,STADERA - CHIESA ROSSA - Q.RE TORRETTA - CONCA FALLATA
11413,STADERA - CHIESA ROSSA - Q.RE TORRETTA - CONCA FALLATA
11415,STADERA - CHIESA ROSSA - Q.RE TORRETTA - CONCA FALLATA
11418,TIBALDI
11433,TIBALDI
11435,TIBALDI
17561,MORIVIONE
17564,SCALO ROMANA
17566,SCALO ROMANA
12039,LODI - CORVETTO
12038,LODI - CORVETTO
12034,UMBRIA - MOLISE - CALVAIRATE
12045,PTA ROMANA
11781,PTA ROMANA
17710,GUASTALLA
11790,DUOMO
11795,DUOMO
11807,DUOMO
11817,GUASTALLA
11822,GUASTALLA
17711,GUASTALLA
17712,GUASTALLA
15624,XXII MARZO
12119,XXII MARZO
12116,XXII MARZO
12084,UMBRIA - MOLISE - CALVAIRATE
12366,UMBRIA - MOLISE - CALVAIRATE
12370,UMBRIA - MOLISE - CALVAIRATE
12386,ORTOMERCATO
12389,ORTOMERCATO
12617,TALIEDO - MORSENCHIO - Q.RE FORLANINI
12618,TALIEDO - MORSENCHIO - Q.RE FORLANINI
12817,TALIEDO - MORSENCHIO - Q.RE FORLANINI
12819,TALIEDO - MORSENCHIO - Q.RE FORLANINI
12907,MONLUE' - PONTE LAMBRO
12914,MONLUE' - PONTE LAMBRO
12915,MONLUE' - PONTE LAMBRO
12818,TALIEDO - MORSENCHIO - Q.RE FORLANINI
12813,TALIEDO - MORSENCHIO - Q.RE FORLANINI
12619,TALIEDO - MORSENCHIO - Q.RE FORLANINI
12613,TALIEDO - MORSENCHIO - Q.RE FORLANINI
12388,ORTOMERCATO
15781,ORTOMERCATO
12371,UMBRIA - MOLISE - CALVAIRATE
12367,UMBRIA - MOLISE - CALVAIRATE
15630,XXII MARZO
10172,BAGGIO - Q.RE DEGLI OLMI - Q.RE VALSESIA
10169,BAGGIO - Q.RE DEGLI OLMI - Q.RE VALSESIA
10168,BAGGIO - Q.RE DEGLI OLMI - Q.RE VALSESIA
15829,PARCO BOSCO IN CITTA'
10142,BAGGIO - Q.RE DEGLI OLMI - Q.RE VALSESIA
10147,BAGGIO - Q.RE DEGLI OLMI - Q.RE VALSESIA
10159,BAGGIO - Q.RE DEGLI OLMI - Q.RE VALSESIA
10070,FORZE ARMATE
10227,FORZE ARMATE
12967,FORZE ARMATE
10373,FORZE ARMATE
10384,BANDE NERE
10386,BANDE NERE
10569,BANDE NERE
10575,BANDE NERE
10580,BANDE NERE
10601,PORTA MAGENTA
10861,PORTA MAGENTA
10869,PORTA MAGENTA
12936,PAGANO
11211,PAGANO
12935,PAGANO
10868,DE ANGELI - MONTE ROSA
10860,PORTA MAGENTA
10600,PORTA MAGENTA
10577,BANDE NERE
10570,BANDE NERE
10385,BANDE NERE
10383,BANDE NERE
10374,FORZE ARMATE
12966,FORZE ARMATE
10223,FORZE ARMATE
10069,FORZE ARMATE
10158,BAGGIO - Q.RE DEGLI OLMI - Q.RE VALSESIA
10148,BAGGIO - Q.RE DEGLI OLMI - Q.RE VALSESIA
10167,BAGGIO - Q.RE DEGLI OLMI - Q.RE VALSESIA
10171,BAGGIO - Q.RE DEGLI OLMI - Q.RE VALSESIA
10858,PORTA GENOVA
10853,PORTA GENOVA
10040,PORTA MAGENTA
10884,PORTA MAGENTA
11208,MAGENTA - S.VITTORE
13237,PAGANO
11248,PAGANO
10930,PAGANO
10925,PAGANO
10919,PAGANO
10912,TRE TORRI
10902,DE ANGELI - MONTE ROSA
10671,DE ANGELI - MONTE ROSA
10668,DE ANGELI - MONTE ROSA
10665,DE ANGELI - MONTE ROSA
10661,DE ANGELI - MONTE ROSA
10649,QT 8
10642,QT 8
15091,Q.RE GALLARATESE - Q.RE SAN LEONARDO - LAMPUGNANO
10288,Q.RE GALLARATESE - Q.RE SAN LEONARDO - LAMPUGNANO
10439,Q.RE GALLARATESE - Q.RE SAN LEONARDO - LAMPUGNANO
10310,Q.RE GALLARATESE - Q.RE SAN LEONARDO - LAMPUGNANO
10300,Q.RE GALLARATESE - Q.RE SAN LEONARDO - LAMPUGNANO
10298,Q.RE GALLARATESE - Q.RE SAN LEONARDO - LAMPUGNANO
10295,Q.RE GALLARATESE - Q.RE SAN LEONARDO - LAMPUGNANO
15305,Q.RE GALLARATESE - Q.RE SAN LEONARDO - LAMPUGNANO
10296,Q.RE GALLARATESE - Q.RE SAN LEONARDO - LAMPUGNANO
10297,Q.RE GALLARATESE - Q.RE SAN LEONARDO - LAMPUGNANO
10299,Q.RE GALLARATESE - Q.RE SAN LEONARDO - LAMPUGNANO
10311,Q.RE GALLARATESE - Q.RE SAN LEONARDO - LAMPUGNANO
10440,Q.RE GALLARATESE - Q.RE SAN LEONARDO - LAMPUGNANO
15323,Q.RE GALLARATESE - Q.RE SAN LEONARDO - LAMPUGNANO
10641,QT 8
10648,QT 8
10656,DE ANGELI - MONTE ROSA
10660,DE ANGELI - MONTE ROSA
10667,DE ANGELI - MONTE ROSA
17396,DE ANGELI - MONTE ROSA
16707,DE ANGELI - MONTE ROSA
16708,DE ANGELI - MONTE ROSA
10909,TRE TORRI
10918,PAGANO
10924,PAGANO
10928,PAGANO
11247,PAGANO
11250,MAGENTA - S.VITTORE
11207,MAGENTA - S.VITTORE
10876,PORTA MAGENTA
10026,PORTA MAGENTA
15090,PORTA GENOVA
10189,Q.RE GALLARATESE - Q.RE SAN LEONARDO - LAMPUGNANO
10124,Q.RE GALLARATESE - Q.RE SAN LEONARDO - LAMPUGNANO
10109,Q.RE GALLARATESE - Q.RE SAN LEONARDO - LAMPUGNANO
10111,Q.RE GALLARATESE - Q.RE SAN LEONARDO - LAMPUGNANO
10121,Q.RE GALLARATESE - Q.RE SAN LEONARDO - LAMPUGNANO
10118,Q.RE GALLARATESE - Q.RE SAN LEONARDO - LAMPUGNANO
10292,Q.RE GALLARATESE - Q.RE SAN LEONARDO - LAMPUGNANO
10463,VILLAPIZZONE - CAGNOLA - BOLDINASCO
10467,VILLAPIZZONE - CAGNOLA - BOLDINASCO
10673,VILLAPIZZONE - CAGNOLA - BOLDINASCO
10676,VILLAPIZZONE - CAGNOLA - BOLDINASCO
15554,VILLAPIZZONE - CAGNOLA - BOLDINASCO
15555,VILLAPIZZONE - CAGNOLA - BOLDINASCO
14978,GHISOLFA
13778,GHISOLFA
10099,Q.RE GALLARATESE - Q.RE SAN LEONARDO - LAMPUGNANO
10190,Q.RE GALLARATESE - Q.RE SAN LEONARDO - LAMPUGNANO
10101,Q.RE GALLARATESE - Q.RE SAN LEONARDO - LAMPUGNANO
10103,Q.RE GALLARATESE - Q.RE SAN LEONARDO - LAMPUGNANO
10110,Q.RE GALLARATESE - Q.RE SAN LEONARDO - LAMPUGNANO
10114,Q.RE GALLARATESE - Q.RE SAN LEONARDO - LAMPUGNANO
10278,Q.RE GALLARATESE - Q.RE SAN LEONARDO - LAMPUGNANO
10279,Q.RE GALLARATESE - Q.RE SAN LEONARDO - LAMPUGNANO
10282,Q.RE GALLARATESE - Q.RE SAN LEONARDO - LAMPUGNANO
10966,VILLAPIZZONE - CAGNOLA - BOLDINASCO
10690,VILLAPIZZONE - CAGNOLA - BOLDINASCO
10677,VILLAPIZZONE - CAGNOLA - BOLDINASCO
10674,VILLAPIZZONE - CAGNOLA - BOLDINASCO
10465,VILLAPIZZONE - CAGNOLA - BOLDINASCO
10461,MAGGIORE - MUSOCCO - CERTOSA
10123,Q.RE GALLARATESE - Q.RE SAN LEONARDO - LAMPUGNANO
10119,Q.RE GALLARATESE - Q.RE SAN LEONARDO - LAMPUGNANO
10120,Q.RE GALLARATESE - Q.RE SAN LEONARDO - LAMPUGNANO
10112,Q.RE GALLARATESE - Q.RE SAN LEONARDO - LAMPUGNANO
10107,MAGGIORE - MUSOCCO - CERTOSA
10125,Q.RE GALLARATESE - Q.RE SAN LEONARDO - LAMPUGNANO
10283,Q.RE GALLARATESE - Q.RE SAN LEONARDO - LAMPUGNANO
10280,Q.RE GALLARATESE - Q.RE SAN LEONARDO - LAMPUGNANO
10277,Q.RE GALLARATESE - Q.RE SAN LEONARDO - LAMPUGNANO
10294,Q.RE GALLARATESE - Q.RE SAN LEONARDO - LAMPUGNANO
10108,Q.RE GALLARATESE - Q.RE SAN LEONARDO - LAMPUGNANO
10105,Q.RE GALLARATESE - Q.RE SAN LEONARDO - LAMPUGNANO
10102,Q.RE GALLARATESE - Q.RE SAN LEONARDO - LAMPUGNANO
10191,Q.RE GALLARATESE - Q.RE SAN LEONARDO - LAMPUGNANO
10100,Q.RE GALLARATESE - Q.RE SAN LEONARDO - LAMPUGNANO
15646,GORLA - PRECOTTO
15874,GORLA - PRECOTTO
15647,GORLA - PRECOTTO
15648,GORLA - PRECOTTO
15294,GORLA - PRECOTTO
15292,BICOCCA
15290,BICOCCA
15288,BICOCCA
12281,BICOCCA
15286,BICOCCA
15287,BICOCCA
15289,BICOCCA
15291,BICOCCA
15293,GORLA - PRECOTTO
15649,GORLA - PRECOTTO
15650,GORLA - PRECOTTO
15873,GORLA - PRECOTTO
11374,AFFORI
11377,AFFORI
17952,AFFORI
18129,AFFORI
18130,AFFORI
11368,AFFORI
17954,DERGANO
11648,DERGANO
17853,SARPI
11650,DERGANO
11647,DERGANO
11645,DERGANO
11370,AFFORI
11366,AFFORI
11365,AFFORI
11376,AFFORI
11373,AFFORI
11395,BRUZZANO
16814,NIGUARDA - CA GRANDA - PRATO CENTENARO - Q.RE FULVIO TESTI
15415,PARCO NORD
11143,PORTA TICINESE - CONCHETTA
11142,MONCUCCO - SAN CRISTOFORO
10789,MONCUCCO - SAN CRISTOFORO
10777,MONCUCCO - SAN CRISTOFORO
10770,BARONA
10763,BARONA
10781,BARONA
10786,BARONA
10780,BARONA
10773,BARONA
10758,BARONA
10503,BARONA
10507,BARONA
10754,BARONA
10753,BARONA
10750,BARONA
10784,BARONA
10791,BARONA
10795,BARONA
17085,MONCUCCO - SAN CRISTOFORO
10794,BARONA
10790,BARONA
10783,BARONA
10751,BARONA
10752,BARONA
10755,BARONA
10506,BARONA
10508,BARONA
10757,BARONA
10766,BARONA
10785,BARONA
10787,BARONA
10776,BARONA
10768,BARONA
10769,BARONA
10782,MONCUCCO - SAN CRISTOFORO
10819,MONCUCCO - SAN CRISTOFORO
11141,MONCUCCO - SAN CRISTOFORO
11145,PORTA TICINESE - CONCHETTA
17143,BICOCCA
17123,NIGUARDA - CA GRANDA - PRATO CENTENARO - Q.RE FULVIO TESTI
13562,GRECO - SEGNANO
13563,GRECO - SEGNANO
13564,BICOCCA
13565,BICOCCA
13566,BICOCCA
13567,BICOCCA
15824,BICOCCA
17403,NIGUARDA - CA GRANDA - PRATO CENTENARO - Q.RE FULVIO TESTI
16811,BRUZZANO
12854,PARCO FORLANINI - CAVRIANO
12852,PARCO FORLANINI - CAVRIANO
18119,PARCO FORLANINI - CAVRIANO
12662,PARCO FORLANINI - CAVRIANO
12851,PARCO FORLANINI - CAVRIANO
12853,PARCO FORLANINI - CAVRIANO
13771,BARONA
10788,BARONA
15363,BARONA
10779,BARONA
10775,BARONA
10761,BARONA
17478,BARONA
10498,BARONA
10497,BARONA
10499,RONCHETTO SUL NAVIGLIO - Q.RE LODOVICO IL MORO
10802,MONCUCCO - SAN CRISTOFORO
10804,MONCUCCO - SAN CRISTOFORO
10815,PORTA TICINESE - CONCHETTA
10849,PORTA TICINESE - CONCHETTA
11196,MAGENTA - S.VITTORE
10852,PORTA TICINESE - CONCHETTA
10811,MONCUCCO - SAN CRISTOFORO
10805,MONCUCCO - SAN CRISTOFORO
10803,MONCUCCO - SAN CRISTOFORO
10801,MONCUCCO - SAN CRISTOFORO
17474,RONCHETTO SUL NAVIGLIO - Q.RE LODOVICO IL MORO
17475,BARONA
17476,BARONA
17477,BARONA
10756,BARONA
10771,BARONA
10778,BARONA
16071,BARONA
10792,BARONA
12900,CIMIANO - ROTTOLE - Q.RE FELTRE
12896,ADRIANO
12895,CIMIANO - ROTTOLE - Q.RE FELTRE
12889,CIMIANO - ROTTOLE - Q.RE FELTRE
12877,CIMIANO - ROTTOLE - Q.RE FELTRE
12781,CIMIANO - ROTTOLE - Q.RE FELTRE
12771,CIMIANO - ROTTOLE - Q.RE FELTRE
12763,CIMIANO - ROTTOLE - Q.RE FELTRE
12738,CIMIANO - ROTTOLE - Q.RE FELTRE
12741,CIMIANO - ROTTOLE - Q.RE FELTRE
12686,LAMBRATE - ORTICA
12718,CIMIANO - ROTTOLE - Q.RE FELTRE
12737,CIMIANO - ROTTOLE - Q.RE FELTRE
12764,CIMIANO - ROTTOLE - Q.RE FELTRE
12772,CIMIANO - ROTTOLE - Q.RE FELTRE
12780,CIMIANO - ROTTOLE - Q.RE FELTRE
12876,CIMIANO - ROTTOLE - Q.RE FELTRE
12888,CIMIANO - ROTTOLE - Q.RE FELTRE
12894,CIMIANO - ROTTOLE - Q.RE FELTRE
10181,QUINTO ROMANO
10174,QUINTO ROMANO
16964,BAGGIO - Q.RE DEGLI OLMI - Q.RE VALSESIA
16965,PARCO BOSCO IN CITTA'
15827,BAGGIO - Q.RE DEGLI OLMI - Q.RE VALSESIA
13109,BAGGIO - Q.RE DEGLI OLMI - Q.RE VALSESIA
13110,BAGGIO - Q.RE DEGLI OLMI - Q.RE VALSESIA
18095,BAGGIO - Q.RE DEGLI OLMI - Q.RE VALSESIA
17538,FORZE ARMATE
13114,BAGGIO - Q.RE DEGLI OLMI - Q.RE VALSESIA
13115,BAGGIO - Q.RE DEGLI OLMI - Q.RE VALSESIA
10175,QUINTO ROMANO
10173,QUINTO ROMANO
12325,LODI - CORVETTO
12324,LODI - CORVETTO
12334,LODI - CORVETTO
12330,LODI - CORVETTO
12328,LODI - CORVETTO
12332,LODI - CORVETTO
12350,LODI - CORVETTO
12345,LODI - CORVETTO
17951,LODI - CORVETTO
12349,LODI - CORVETTO
12333,LODI - CORVETTO
12331,LODI - CORVETTO
12327,LODI - CORVETTO
12329,LODI - CORVETTO
12339,LODI - CORVETTO
12326,LODI - CORVETTO
11007,GHISOLFA
11318,GHISOLFA
11011,GHISOLFA
11000,GHISOLFA
10994,SARPI
10647,QT 8
10637,QT 8
10436,QT 8
10434,QT 8
10430,Q.RE GALLARATESE - Q.RE SAN LEONARDO - LAMPUGNANO
10276,Q.RE GALLARATESE - Q.RE SAN LEONARDO - LAMPUGNANO
10274,Q.RE GALLARATESE - Q.RE SAN LEONARDO - LAMPUGNANO
10273,STADIO - IPPODROMI
10272,STADIO - IPPODROMI
10269,STADIO - IPPODROMI
10259,QUARTO CAGNINO
18507,QUARTO CAGNINO
10240,FORZE ARMATE
17739,LORENTEGGIO
17740,LORENTEGGIO
17975,FORZE ARMATE
10229,FORZE ARMATE
15053,FORZE ARMATE
10245,FORZE ARMATE
18509,QUARTO CAGNINO
18512,QUARTO CAGNINO
10257,QUARTO CAGNINO
17540,STADIO - IPPODROMI
17541,STADIO - IPPODROMI
17542,STADIO - IPPODROMI
17543,STADIO - IPPODROMI
10275,Q.RE GALLARATESE - Q.RE SAN LEONARDO - LAMPUGNANO
10431,Q.RE GALLARATESE - Q.RE SAN LEONARDO - LAMPUGNANO
10433,QT 8
10435,QT 8
10636,QT 8
10646,QT 8
10658,DE ANGELI - MONTE ROSA
10664,DE ANGELI - MONTE ROSA
10666,DE ANGELI - MONTE ROSA
10672,DE ANGELI - MONTE ROSA
10937,PORTELLO
10942,PORTELLO
10943,PORTELLO
10996,SARPI
11005,GHISOLFA
11319,GHISOLFA
11012,GHISOLFA
17545,FARINI
17546,GHISOLFA
17153,NIGUARDA - CA GRANDA - PRATO CENTENARO - Q.RE FULVIO TESTI
11134,STADERA - CHIESA ROSSA - Q.RE TORRETTA - CONCA FALLATA
11128,STADERA - CHIESA ROSSA - Q.RE TORRETTA - CONCA FALLATA
11123,STADERA - CHIESA ROSSA - Q.RE TORRETTA - CONCA FALLATA
11104,STADERA - CHIESA ROSSA - Q.RE TORRETTA - CONCA FALLATA
11101,STADERA - CHIESA ROSSA - Q.RE TORRETTA - CONCA FALLATA
11100,CANTALUPA
10747,GRATOSOGLIO - Q.RE MISSAGLIA - Q.RE TERRAZZE
10748,GRATOSOGLIO - Q.RE MISSAGLIA - Q.RE TERRAZZE
11068,GRATOSOGLIO - Q.RE MISSAGLIA - Q.RE TERRAZZE
14868,GRATOSOGLIO - Q.RE MISSAGLIA - Q.RE TERRAZZE
11077,GRATOSOGLIO - Q.RE MISSAGLIA - Q.RE TERRAZZE
11073,GRATOSOGLIO - Q.RE MISSAGLIA - Q.RE TERRAZZE
11072,GRATOSOGLIO - Q.RE MISSAGLIA - Q.RE TERRAZZE
11085,GRATOSOGLIO - Q.RE MISSAGLIA - Q.RE TERRAZZE
11083,GRATOSOGLIO - Q.RE MISSAGLIA - Q.RE TERRAZZE
11090,GRATOSOGLIO - Q.RE MISSAGLIA - Q.RE TERRAZZE
17631,PORTA TICINESE - CONCA DEL NAVIGLIO
11097,PARCO DELLE ABBAZIE
11396,RONCHETTO DELLE RANE
11098,PARCO DELLE ABBAZIE
11084,GRATOSOGLIO - Q.RE MISSAGLIA - Q.RE TERRAZZE
11086,GRATOSOGLIO - Q.RE MISSAGLIA - Q.RE TERRAZZE
11071,GRATOSOGLIO - Q.RE MISSAGLIA - Q.RE TERRAZZE
11074,GRATOSOGLIO - Q.RE MISSAGLIA - Q.RE TERRAZZE
11076,GRATOSOGLIO - Q.RE MISSAGLIA - Q.RE TERRAZZE
11075,GRATOSOGLIO - Q.RE MISSAGLIA - Q.RE TERRAZZE
12971,GRATOSOGLIO - Q.RE MISSAGLIA - Q.RE TERRAZZE
11070,GRATOSOGLIO - Q.RE MISSAGLIA - Q.RE TERRAZZE
10749,PARCO DEI NAVIGLI
18092,GRATOSOGLIO - Q.RE MISSAGLIA - Q.RE TERRAZZE
11099,PARCO DEI NAVIGLI
11102,STADERA - CHIESA ROSSA - Q.RE TORRETTA - CONCA FALLATA
11103,STADERA - CHIESA ROSSA - Q.RE TORRETTA - CONCA FALLATA
11122,STADERA - CHIESA ROSSA - Q.RE TORRETTA - CONCA FALLATA
11129,STADERA - CHIESA ROSSA - Q.RE TORRETTA - CONCA FALLATA
10177,QUINTO ROMANO
10180,QUINTO ROMANO
10188,Q.RE GALLARATESE - Q.RE SAN LEONARDO - LAMPUGNANO
10041,FIGINO
10038,FIGINO
10036,FIGINO
10043,FIGINO
15157,FIGINO
10185,QUINTO ROMANO
10183,QUINTO ROMANO
10397,STADIO - IPPODROMI
10184,QUINTO ROMANO
10186,QUINTO ROMANO
10176,FIGINO
10037,FIGINO
17647,FIGINO
17648,FIGINO
17649,PARCO BOSCO IN CITTA'
16724,CITTA' STUDI
15823,LORETO - CASORETTO - NOLO
12492,LORETO - CASORETTO - NOLO
12485,LORETO - CASORETTO - NOLO
16057,BUENOS AIRES - PORTA VENEZIA - PORTA MONFORTE
12220,BUENOS AIRES - PORTA VENEZIA - PORTA MONFORTE
12207,BUENOS AIRES - PORTA VENEZIA - PORTA MONFORTE
12191,BUENOS AIRES - PORTA VENEZIA - PORTA MONFORTE
15847,GRECO - SEGNANO
15848,GRECO - SEGNANO
12286,GRECO - SEGNANO
12292,GORLA - PRECOTTO
12295,GORLA - PRECOTTO
12297,GORLA - PRECOTTO
12314,GORLA - PRECOTTO
15461,GORLA - PRECOTTO
15462,GORLA - PRECOTTO
15460,GORLA - PRECOTTO
12574,GORLA - PRECOTTO
12315,GORLA - PRECOTTO
12298,GORLA - PRECOTTO
12291,GORLA - PRECOTTO
12216,BUENOS AIRES - PORTA VENEZIA - PORTA MONFORTE
12222,BUENOS AIRES - PORTA VENEZIA - PORTA MONFORTE
12491,LORETO - CASORETTO - NOLO
12496,LORETO - CASORETTO - NOLO
17343,ISOLA
15531,ISOLA
15557,DERGANO
11352,DERGANO
11353,DERGANO
11356,DERGANO
11348,DERGANO
11350,DERGANO
11362,DERGANO
11340,DERGANO
11337,BOVISA
11330,BOVISA
11025,BOVISA
11024,BOVISA
14075,BOVISA
19908,BOVISA
11020,BOVISA
11030,BOVISA
11031,AFFORI
11357,AFFORI
15577,BOVISASCA
11037,BOVISASCA
11360,AFFORI
11359,AFFORI
11358,BOVISA
11034,BOVISA
11029,BOVISA
11019,BOVISA
11017,BOVISA
11023,BOVISA
11026,BOVISA
11336,BOVISA
11343,DERGANO
11344,DERGANO
11349,DERGANO
11347,DERGANO
11355,DERGANO
11354,DERGANO
11351,DERGANO
15436,DERGANO
16803,BRUZZANO
16094,NIGUARDA - CA GRANDA - PRATO CENTENARO - Q.RE FULVIO TESTI
15839,NIGUARDA - CA GRANDA - PRATO CENTENARO - Q.RE FULVIO TESTI
11673,NIGUARDA - CA GRANDA - PRATO CENTENARO - Q.RE FULVIO TESTI
15837,NIGUARDA - CA GRANDA - PRATO CENTENARO - Q.RE FULVIO TESTI
15269,TRIULZO SUPERIORE
15230,TRIULZO SUPERIORE
17066,ROGOREDO - SANTA GIULIA
17067,TALIEDO - MORSENCHIO - Q.RE FORLANINI
17068,TALIEDO - MORSENCHIO - Q.RE FORLANINI
17069,ROGOREDO - SANTA GIULIA
17070,ROGOREDO - SANTA GIULIA
17071,ROGOREDO - SANTA GIULIA
17072,ROGOREDO - SANTA GIULIA
17074,ROGOREDO - SANTA GIULIA
12596,LODI - CORVETTO
12960,LODI - CORVETTO
12962,LODI - CORVETTO
12351,LODI - CORVETTO
12354,LODI - CORVETTO
12372,UMBRIA - MOLISE - CALVAIRATE
12369,UMBRIA - MOLISE - CALVAIRATE
12365,UMBRIA - MOLISE - CALVAIRATE
12080,UMBRIA - MOLISE - CALVAIRATE
12076,UMBRIA - MOLISE - CALVAIRATE
12101,XXII MARZO
12097,XXII MARZO
12087,GUASTALLA
11819,GUASTALLA
18009,DUOMO
15295,LODI - CORVETTO
17799,DUOMO
12085,GUASTALLA
12096,XXII MARZO
12100,XXII MARZO
12072,XXII MARZO
12075,UMBRIA - MOLISE - CALVAIRATE
12083,UMBRIA - MOLISE - CALVAIRATE
12368,UMBRIA - MOLISE - CALVAIRATE
12373,UMBRIA - MOLISE - CALVAIRATE
12355,LODI - CORVETTO
12353,LODI - CORVETTO
12963,LODI - CORVETTO
12965,LODI - CORVETTO
16085,ROGOREDO - SANTA GIULIA
16684,ROGOREDO - SANTA GIULIA
16679,ROGOREDO - SANTA GIULIA
16077,ROGOREDO - SANTA GIULIA
16088,ROGOREDO - SANTA GIULIA
16089,ROGOREDO - SANTA GIULIA
16090,ROGOREDO - SANTA GIULIA
12605,ROGOREDO - SANTA GIULIA
12604,ROGOREDO - SANTA GIULIA
12602,ROGOREDO - SANTA GIULIA
12600,ROGOREDO - SANTA GIULIA
12601,ROGOREDO - SANTA GIULIA
14969,TRIULZO SUPERIORE
16767,CIMIANO - ROTTOLE - Q.RE FELTRE
13886,ADRIANO
13887,ADRIANO
12802,ADRIANO
13888,ADRIANO
16995,ADRIANO
17318,ADRIANO
17167,ADRIANO
17165,ADRIANO
17163,ADRIANO
16787,GORLA - PRECOTTO
12565,GORLA - PRECOTTO
12313,GORLA - PRECOTTO
12289,GRECO - SEGNANO
15745,GRECO - SEGNANO
15746,GRECO - SEGNANO
15634,GRECO - SEGNANO
17168,NIGUARDA - CA GRANDA - PRATO CENTENARO - Q.RE FULVIO TESTI
17161,NIGUARDA - CA GRANDA - PRATO CENTENARO - Q.RE FULVIO TESTI
15404,NIGUARDA - CA GRANDA - PRATO CENTENARO - Q.RE FULVIO TESTI
15747,GRECO - SEGNANO
15748,BICOCCA
15749,GRECO - SEGNANO
12287,GRECO - SEGNANO
12296,GORLA - PRECOTTO
16786,ADRIANO
17162,ADRIANO
17164,ADRIANO
17166,ADRIANO
17319,ADRIANO
13981,ADRIANO
13982,ADRIANO
17150,GORLA - PRECOTTO
16760,GORLA - PRECOTTO
16761,GORLA - PRECOTTO
15929,BICOCCA
17151,BICOCCA
15934,BICOCCA
15891,BICOCCA
15931,BICOCCA
12271,GRECO - SEGNANO
12274,GRECO - SEGNANO
17731,GRECO - SEGNANO
17733,STAZIONE CENTRALE - PONTE SEVESO
17734,STAZIONE CENTRALE - PONTE SEVESO
12236,STAZIONE CENTRALE - PONTE SEVESO
14076,STAZIONE CENTRALE - PONTE SEVESO
11934,STAZIONE CENTRALE - PONTE SEVESO
17358,STAZIONE CENTRALE - PONTE SEVESO
12235,STAZIONE CENTRALE - PONTE SEVESO
17737,GRECO - SEGNANO
12275,GRECO - SEGNANO
12270,GRECO - SEGNANO
15849,BICOCCA
15850,BICOCCA
15851,BICOCCA
16762,GORLA - PRECOTTO
16078,ROGOREDO - SANTA GIULIA
16076,ROGOREDO - SANTA GIULIA
16075,ROGOREDO - SANTA GIULIA
16074,ROGOREDO - SANTA GIULIA
16073,TALIEDO - MORSENCHIO - Q.RE FORLANINI
16084,TALIEDO - MORSENCHIO - Q.RE FORLANINI
16079,TALIEDO - MORSENCHIO - Q.RE FORLANINI
16080,ROGOREDO - SANTA GIULIA
16081,ROGOREDO - SANTA GIULIA
16083,ROGOREDO - SANTA GIULIA
12841,TALIEDO - MORSENCHIO - Q.RE FORLANINI
12843,TALIEDO - MORSENCHIO - Q.RE FORLANINI
12845,MONLUE' - PONTE LAMBRO
12850,MONLUE' - PONTE LAMBRO
12846,MONLUE' - PONTE LAMBRO
12844,MONLUE' - PONTE LAMBRO
12842,TALIEDO - MORSENCHIO - Q.RE FORLANINI
17099,COMASINA
17100,COMASINA
16793,BOVISASCA
17102,BRUZZANO
11444,PORTA TICINESE - CONCA DEL NAVIGLIO
11461,PORTA VIGENTINA - PORTA LODOVICA
11469,PORTA VIGENTINA - PORTA LODOVICA
11752,PORTA VIGENTINA - PORTA LODOVICA
11755,PORTA VIGENTINA - PORTA LODOVICA
11771,PTA ROMANA
11777,GUASTALLA
11783,GUASTALLA
11824,GUASTALLA
12086,GUASTALLA
12089,GUASTALLA
11856,BUENOS AIRES - PORTA VENEZIA - PORTA MONFORTE
11850,STAZIONE CENTRALE - PONTE SEVESO
11923,STAZIONE CENTRALE - PONTE SEVESO
18120,BUENOS AIRES - PORTA VENEZIA - PORTA MONFORTE
11855,GUASTALLA
12088,GUASTALLA
11825,GUASTALLA
11782,GUASTALLA
11773,PTA ROMANA
11772,PTA ROMANA
11753,PORTA VIGENTINA - PORTA LODOVICA
11192,PORTA TICINESE - CONCHETTA
10653,QT 8
10692,VILLAPIZZONE - CAGNOLA - BOLDINASCO
10964,VILLAPIZZONE - CAGNOLA - BOLDINASCO
10976,VILLAPIZZONE - CAGNOLA - BOLDINASCO
10990,VILLAPIZZONE - CAGNOLA - BOLDINASCO
11331,BOVISA
11341,BOVISA
11345,DERGANO
11620,ISOLA
11636,ISOLA
11896,MACIACHINI - MAGGIOLINA
11907,MACIACHINI - MAGGIOLINA
11917,MACIACHINI - MAGGIOLINA
12177,STAZIONE CENTRALE - PONTE SEVESO
12193,BUENOS AIRES - PORTA VENEZIA - PORTA MONFORTE
12226,BUENOS AIRES - PORTA VENEZIA - PORTA MONFORTE
12476,BUENOS AIRES - PORTA VENEZIA - PORTA MONFORTE
12464,BUENOS AIRES - PORTA VENEZIA - PORTA MONFORTE
12424,BUENOS AIRES - PORTA VENEZIA - PORTA MONFORTE
12420,BUENOS AIRES - PORTA VENEZIA - PORTA MONFORTE
12395,XXII MARZO
12393,XXII MARZO
15524,UMBRIA - MOLISE - CALVAIRATE
12379,UMBRIA - MOLISE - CALVAIRATE
12378,UMBRIA - MOLISE - CALVAIRATE
12375,UMBRIA - MOLISE - CALVAIRATE
12363,UMBRIA - MOLISE - CALVAIRATE
12079,UMBRIA - MOLISE - CALVAIRATE
12068,UMBRIA - MOLISE - CALVAIRATE
13156,PTA ROMANA
13157,PTA ROMANA
13158,PTA ROMANA
13159,PTA ROMANA
13160,PTA ROMANA
13161,PORTA VIGENTINA - PORTA LODOVICA
13162,PORTA VIGENTINA - PORTA LODOVICA
11167,PORTA TICINESE - CONCA DEL NAVIGLIO
11160,PORTA TICINESE - CONCHETTA
11148,PORTA TICINESE - CONCHETTA
11147,PORTA TICINESE - CONCHETTA
10841,PORTA GENOVA
15638,PORTA GENOVA
10832,GIAMBELLINO
10827,PORTA MAGENTA
10859,PORTA MAGENTA
10595,PORTA MAGENTA
10596,PORTA MAGENTA
10586,SAN SIRO
10625,SAN SIRO
10627,SAN SIRO
15632,SAN SIRO
10525,SAN SIRO
16194,TRIULZO SUPERIORE
16162,TRIULZO SUPERIORE
16290,TRIULZO SUPERIORE
13164,PTA ROMANA
13165,PTA ROMANA
13166,PTA ROMANA
12064,UMBRIA - MOLISE - CALVAIRATE
12073,UMBRIA - MOLISE - CALVAIRATE
12081,UMBRIA - MOLISE - CALVAIRATE
12376,UMBRIA - MOLISE - CALVAIRATE
12377,UMBRIA - MOLISE - CALVAIRATE
12381,UMBRIA - MOLISE - CALVAIRATE
15523,UMBRIA - MOLISE - CALVAIRATE
12394,XXII MARZO
12396,XXII MARZO
12421,BUENOS AIRES - PORTA VENEZIA - PORTA MONFORTE
12425,BUENOS AIRES - PORTA VENEZIA - PORTA MONFORTE
12427,BUENOS AIRES - PORTA VENEZIA - PORTA MONFORTE
12428,BUENOS AIRES - PORTA VENEZIA - PORTA MONFORTE
12189,BUENOS AIRES - PORTA VENEZIA - PORTA MONFORTE
12176,STAZIONE CENTRALE - PONTE SEVESO
11931,STAZIONE CENTRALE - PONTE SEVESO
11906,MACIACHINI - MAGGIOLINA
11641,ISOLA
11346,DERGANO
11342,BOVISA
11332,BOVISA
10991,VILLAPIZZONE - CAGNOLA - BOLDINASCO
10973,VILLAPIZZONE - CAGNOLA - BOLDINASCO
10967,VILLAPIZZONE - CAGNOLA - BOLDINASCO
10693,VILLAPIZZONE - CAGNOLA - BOLDINASCO
10657,QT 8
10655,DE ANGELI - MONTE ROSA
10644,QT 8
10650,SAN SIRO
10622,SAN SIRO
10626,SAN SIRO
10624,SAN SIRO
10628,SAN SIRO
10583,BANDE NERE
10589,BANDE NERE
10823,BANDE NERE
10826,GIAMBELLINO
15637,PORTA GENOVA
10840,PORTA TICINESE - CONCHETTA
13168,PORTA VIGENTINA - PORTA LODOVICA
13169,PORTA VIGENTINA - PORTA LODOVICA
13170,PORTA VIGENTINA - PORTA LODOVICA
13171,PTA ROMANA
11033,BOVISA
11018,BOVISA
17701,BOVISA
17702,BOVISA
16939,FARINI
12197,BUENOS AIRES - PORTA VENEZIA - PORTA MONFORTE
17386,BUENOS AIRES - PORTA VENEZIA - PORTA MONFORTE
17387,BUENOS AIRES - PORTA VENEZIA - PORTA MONFORTE
17388,BUENOS AIRES - PORTA VENEZIA - PORTA MONFORTE
17389,BUENOS AIRES - PORTA VENEZIA - PORTA MONFORTE
17390,BUENOS AIRES - PORTA VENEZIA - PORTA MONFORTE
17391,XXII MARZO
12114,XXII MARZO
12078,XXII MARZO
12066,XXII MARZO
13803,PTA ROMANA
13804,PTA ROMANA
13805,PTA ROMANA
12070,XXII MARZO
12077,XXII MARZO
12115,XXII MARZO
17270,XXII MARZO
17271,BUENOS AIRES - PORTA VENEZIA - PORTA MONFORTE
17272,BUENOS AIRES - PORTA VENEZIA - PORTA MONFORTE
17273,BUENOS AIRES - PORTA VENEZIA - PORTA MONFORTE
17274,BUENOS AIRES - PORTA VENEZIA - PORTA MONFORTE
17277,BUENOS AIRES - PORTA VENEZIA - PORTA MONFORTE
12208,BUENOS AIRES - PORTA VENEZIA - PORTA MONFORTE
12198,BUENOS AIRES - PORTA VENEZIA - PORTA MONFORTE
11327,FARINI
11361,FARINI
17703,BOVISA
17820,CITTA' STUDI
13525,CIMIANO - ROTTOLE - Q.RE FELTRE
17793,ADRIANO
13526,CIMIANO - ROTTOLE - Q.RE FELTRE
13527,CIMIANO - ROTTOLE - Q.RE FELTRE
13528,CIMIANO - ROTTOLE - Q.RE FELTRE
13535,CIMIANO - ROTTOLE - Q.RE FELTRE
13536,CIMIANO - ROTTOLE - Q.RE FELTRE
13542,CIMIANO - ROTTOLE - Q.RE FELTRE
13543,CIMIANO - ROTTOLE - Q.RE FELTRE
13544,ADRIANO
13537,CIMIANO - ROTTOLE - Q.RE FELTRE
16723,CITTA' STUDI
12699,CITTA' STUDI
12498,CITTA' STUDI
12493,CITTA' STUDI
12446,CITTA' STUDI
12444,CITTA' STUDI
12442,CITTA' STUDI
12404,CORSICA
12401,CORSICA
12397,CORSICA
12352,LODI - CORVETTO
12336,LODI - CORVETTO
12335,LODI - CORVETTO
12337,LODI - CORVETTO
12338,LODI - CORVETTO
12398,CORSICA
12403,CORSICA
12406,CORSICA
12449,CITTA' STUDI
12451,CITTA' STUDI
12453,CITTA' STUDI
12497,CITTA' STUDI
12503,CITTA' STUDI
15241,SARPI
11833,BRERA
11799,DUOMO
11796,DUOMO
11792,DUOMO
11786,DUOMO
11473,DUOMO
11467,DUOMO
11450,DUOMO
11476,DUOMO
14192,MAGENTA - S.VITTORE
18827,MAGENTA - S.VITTORE
11221,MAGENTA - S.VITTORE
11235,DUOMO
11475,DUOMO
11449,DUOMO
11468,DUOMO
11472,DUOMO
11808,DUOMO
11812,DUOMO
11581,BRERA
12346,LODI - CORVETTO
12343,LODI - CORVETTO
12026,LODI - CORVETTO
12024,SCALO ROMANA
12021,SCALO ROMANA
12020,SCALO ROMANA
11731,SCALO ROMANA
11726,SCALO ROMANA
11709,MORIVIONE
11708,MORIVIONE
11417,MORIVIONE
11412,TIBALDI
11404,TIBALDI
11140,TIBALDI
11118,MONCUCCO - SAN CRISTOFORO
17462,RONCHETTO SUL NAVIGLIO - Q.RE LODOVICO IL MORO
17460,RONCHETTO SUL NAVIGLIO - Q.RE LODOVICO IL MORO
17461,RONCHETTO SUL NAVIGLIO - Q.RE LODOVICO IL MORO
10510,RONCHETTO SUL NAVIGLIO - Q.RE LODOVICO IL MORO
10522,RONCHETTO SUL NAVIGLIO - Q.RE LODOVICO IL MORO
10526,RONCHETTO SUL NAVIGLIO - Q.RE LODOVICO IL MORO
10531,RONCHETTO SUL NAVIGLIO - Q.RE LODOVICO IL MORO
10793,MONCUCCO - SAN CRISTOFORO
11400,TIBALDI
11410,TIBALDI
11414,TIBALDI
11707,MORIVIONE
11710,MORIVIONE
11724,SCALO ROMANA
11732,SCALO ROMANA
12019,SCALO ROMANA
12022,SCALO ROMANA
12023,SCALO ROMANA
12025,LODI - CORVETTO
16509,BUENOS AIRES - PORTA VENEZIA - PORTA MONFORTE
16510,LORETO - CASORETTO - NOLO
16511,CIMIANO - ROTTOLE - Q.RE FELTRE
15679,QT 8
10640,STADIO - IPPODROMI
10429,STADIO - IPPODROMI
10422,STADIO - IPPODROMI
10413,STADIO - IPPODROMI
10417,SAN SIRO
10425,SAN SIRO
10388,BANDE NERE
10567,BANDE NERE
10545,BANDE NERE
10551,GIAMBELLINO
10527,MONCUCCO - SAN CRISTOFORO
17479,BARONA
10528,MONCUCCO - SAN CRISTOFORO
10552,GIAMBELLINO
18075,BANDE NERE
10544,BANDE NERE
10568,BANDE NERE
10573,BANDE NERE
10604,BANDE NERE
10420,SAN SIRO
10412,STADIO - IPPODROMI
10423,STADIO - IPPODROMI
10428,STADIO - IPPODROMI
10639,STADIO - IPPODROMI
18096,QUINTOSOLE
15086,VIGENTINO - Q.RE FATIMA
11702,QUINTOSOLE
